date,decision,rate_before,rate_after,rate_change,expected_change,surprise,chair,regime,sentiment,lm_score,cb_score,word_count,sp500_ret,nasdaq_ret,gold_ret,ty10_chg,tb13w_chg,vix,term_spread,vwretd_day,vwretd_pre,vwretd_post,vwretd_2d,spindx,ewretd_day,sprtrn_day,fin_ew_ret,fin_vw_ret,fin_n_stocks,target_shock,path_shock,kuttner_bp,ns_shock,fg_period,sentiment_x_fg,min_sentiment,min_lm_score,min_cb_score,min_word_count,min_cb_x_fg
2006-01-31,rate_hike,4.25,4.5,0.25,0.0,0.25,Greenspan,conventional,0.0112612612612612,0.0367867867867867,-0.0142642642642642,1332,0.185926267461282,0.2055663535684106,-0.2452633862728851,0.0339999198913574,-0.0079998970031738,12.949999809265137,0.1570000648498535,-0.001529,0.001837,0.001468,-6.100000000000007e-05,1280.08,0.002841,-0.003984,,,,0.3987485911527393,0.7046261016213693,0.4999999999999005,0.7823846582363789,0,0.0,0.0137204366282595,0.0228926622195269,0.0045482110369921,6596,0.0
2006-03-28,rate_hike,4.5,4.75,0.25,0.0,0.25,Bernanke,conventional,0.0111510791366906,0.0381294964028776,-0.0158273381294964,1390,0.7469695510914525,1.445894870129127,1.1295490098537415,0.0320000648498535,-0.0250000953674316,11.579999923706056,0.2509999275207519,-0.005286,-0.000986,0.009242,0.003956,1293.23,-0.002449,-0.006438,,,,0.2600539341915884,1.2408831138111704,0.4999999999999005,1.1431008298677563,0,0.0,0.0256152687091913,0.0359116022099447,0.0153189352084379,3982,0.0
2006-05-10,rate_hike,4.75,5.0,0.25,0.0,0.25,Bernanke,conventional,0.011969904240766,0.0362517099863201,-0.0123119015047879,1462,-1.279807382021996,-2.070031079080443,2.2879032693836057,0.0300002098083496,-0.0569996833801269,11.779999732971191,0.3730001449584961,-0.001461,0.000884,-0.013542,-0.015003,1322.85,-0.0035,-0.001728,,,,0.228922167595137,1.351522891856268,0.0,1.2008527988628237,0,0.0,0.0266870444392193,0.0392664001881025,0.0141076886903362,4253,0.0
2006-06-29,rate_hike,5.0,5.25,0.25,0.0,0.25,Bernanke,conventional,0.0125089349535382,0.035025017869907,-0.0100071479628305,1399,-0.2097656442177884,-0.1053079519349311,4.603580562659847,-0.0619997978210449,-0.0049996376037597,13.029999732971191,0.3350000381469726,0.02362,0.004934,0.001016,0.0246359999999999,1272.87,0.022214,0.021565,,,,-0.3653419077791956,-0.5109498630665854,-1.4999999999998792,-0.6100387513082035,0,0.0,0.0187591956841589,0.0242766061794997,0.013241785188818,4078,0.0
2007-09-18,rate_cut,5.25,4.75,-0.5,0.0,-0.5,Bernanke,conventional,0.010226442658875,0.0387143900657414,-0.0182615047479912,1369,0.608640712582564,0.5588977791494291,0.8661654530265909,0.0440001487731933,-0.0499999523162841,20.350000381469727,0.6200001239776611,0.029282,-0.005816,0.005785,0.035067,1519.78,0.023126,0.029208,,,,-4.95513748952875,-0.6235470806387485,-20.000000000000465,-3.483714215606999,0,0.0,0.0106188209447088,0.0192237275723178,0.0020139143170999,5462,0.0
2007-10-31,rate_cut,4.75,4.5,-0.25,0.0,-0.25,Bernanke,conventional,0.0113154172560113,0.0353606789250353,-0.0127298444130127,1414,-2.642351350058826,-2.2485952470490025,-0.1641398728495896,-0.1139998435974121,-0.1150000095367431,18.530000686645508,0.6549999713897705,0.013188,-0.006892,-0.025887,-0.012699,1549.38,0.009577,0.011992,,,,-0.0882206456600283,2.067152540636245,-1.99999999999978,1.5614487229764011,0,0.0,0.0204100480236424,0.028075360177318,0.0127447358699667,5414,0.0
2007-12-11,rate_cut,4.5,4.25,-0.25,0.0,-0.25,Bernanke,conventional,0.0089798850574712,0.0352011494252873,-0.0172413793103448,1392,0.6050107439882448,0.7084206168136933,0.2588089133290276,0.0860002040863037,-0.059999942779541,23.59000015258789,1.1200001239776611,-0.025421,0.007767,0.005673,-0.0197479999999999,1477.65,-0.020362,-0.025271,,,,1.942922943073761,-0.2858782997706985,3.0999999999996586,0.7374362481112545,0,0.0,0.0154761904761904,0.0210884353741496,0.0098639455782312,5880,0.0
2008-01-30,rate_cut,3.5,3.0,-0.5,0.0,-0.5,Bernanke,forward_guidance,0.0077149155033063,0.032329169728141,-0.0168993387215282,1361,1.6772253672436226,1.7394681746221794,0.2281160848127474,-0.0940001010894775,-0.2700001001358032,27.6200008392334,1.5929999351501465,-0.005359,0.006401,0.01496,0.0096009999999999,1355.81,-0.002545,-0.004764,,,,-2.887785022340617,-0.2459687992692545,-11.499999999999844,-1.9156908668665067,0,0.0,0.0092001701765581,0.0146777281429483,0.003722612210168,9402,0.0
2008-03-18,rate_cut,3.0,2.25,-0.75,0.0,-0.75,Bernanke,forward_guidance,0.0103571428571428,0.035,-0.0142857142857142,1400,-2.428719849575588,-2.5702542291061703,-5.831339641962375,-0.0889999866485595,-0.25,25.790000915527344,2.5509999990463257,0.039596,-0.014947,-0.026077,0.013519,1330.74,0.028541,0.04241,,,,2.6906581181984515,-1.1524781855046666,9.538461538460488,0.6908918001338283,0,0.0,0.010836693548387,0.0142809139784946,0.0073924731182795,5952,0.0
2008-04-30,rate_cut,2.25,2.0,-0.25,0.0,-0.25,Bernanke,forward_guidance,0.0095338983050847,0.0374293785310734,-0.0183615819209039,1416,1.714071304344302,2.814568581526605,-1.6110296216464,-0.0099999904632568,0.0299999713897705,20.790000915527344,2.419000029563904,-0.001543,-0.00566,0.014565,0.0130219999999999,1385.59,0.00172,-0.003846,,,,-1.6325649621663696,-0.5442929338381952,-5.999999999999339,-1.381961860169286,0,0.0,0.0112237509051412,0.0183924692251991,0.0040550325850832,6905,0.0
2008-10-29,rate_cut,1.5,1.0,-0.5,0.0,-0.5,Bernanke,forward_guidance,0.0078740157480314,0.0365068002863278,-0.0207587687902648,1397,2.5803953710955634,2.492747422926453,-2.0722603399175035,0.0649998188018798,-0.1899999976158142,69.95999908447266,3.309000074863434,0.001444,0.095343,0.031975,0.033419,930.09,0.021629,-0.011079,,,,-1.0336839288075426,-1.1096586693131263,-3.5000000000007248,-1.5013029525330104,0,0.0,0.0067896489879579,0.0117858057904176,0.0017934921854983,7806,0.0
2008-12-16,rate_cut,1.0,0.25,-0.75,0.0,-0.75,Bernanke,forward_guidance,0.0082417582417582,0.0361067503924646,-0.0196232339089481,1274,-0.9592862125632649,-0.6654520726093736,3.065223644861108,-0.1729998588562011,-0.0200000004842877,52.369998931884766,2.337999915704131,0.052898,-0.013872,-0.004826,0.048072,913.18,0.046643,0.05136,,,,-4.210779153715667,-2.4914522410752173,-14.983333333335128,-4.4604486622583295,1,0.0082417582417582,0.0093382054405196,0.0163756935985925,0.0023007172824468,7389,0.0023007172824468
2009-01-28,unchanged,0.25,0.25,0.0,0.0,0.0,Bernanke,forward_guidance,0.0110340479192938,0.0390920554854981,-0.0170239596469104,1586,-3.3120172199171143,-3.2406279186593743,1.914198904102434,0.1590001583099365,0.0399999916553497,39.65999984741211,2.475999891757965,0.033821,0.011298,-0.032865,0.0009559999999999,874.09,0.030523,0.033558,,,,0.2855636066856883,-0.2339927190686585,0.4999999999999449,-0.0229582379778281,1,0.0110340479192938,0.0100198506475092,0.0194725399376122,0.0005671613574061,10579,0.0005671613574061
2009-03-18,unchanged,0.25,0.25,0.0,0.0,0.0,Bernanke,forward_guidance,0.0101373446697187,0.0392413342053629,-0.0189666448659254,1529,-1.297916268076772,-0.5190374583520041,7.831661373908422,0.0639998912811279,-0.0150000005960464,40.060001373291016,2.327999994158745,0.022385,0.031034,-0.008012,0.0143729999999999,794.35,0.034165,0.020858,,,,0.0715357211286884,-1.1325231610928128,-0.5961538461551041,-0.8667048336740523,1,0.0101373446697187,0.0070175438596491,0.0137426900584795,0.0002923976608187,6840,0.0002923976608187
2009-04-29,unchanged,0.25,0.25,0.0,0.0,0.0,Bernanke,forward_guidance,0.0104370515329419,0.0424005218525766,-0.0215264187866927,1533,-0.0950067620446343,0.3131013706866382,-1.0113331528552183,0.0280001163482666,0.0300000011920928,36.08000183105469,3.0009999573230743,0.02454,-0.002835,-0.00043,0.02411,873.64,0.028567,0.02161,,,,-0.0178908770969005,0.5435859450955158,0.0,0.4494286982613691,1,0.0104370515329419,0.0070038910505836,0.0150972762645914,-0.0010894941634241,6425,-0.0010894941634241
2009-06-24,unchanged,0.25,0.25,0.0,0.0,0.0,Bernanke,forward_guidance,0.0100806451612903,0.0416666666666666,-0.021505376344086,1488,2.1444277390130924,2.0755031942370312,0.5352746098578608,-0.1389999389648437,-0.0150000005960464,29.049999237060547,3.504999935626984,0.008957,0.002281,0.021607,0.030564,900.94,0.008663,0.006524,,,,-0.0136991263275219,1.2392131799319523,0.0,1.0071508711270447,1,0.0100806451612903,0.0082017760236803,0.0156635421805624,0.0007400098667982,8108,0.0007400098667982
2009-08-12,unchanged,0.25,0.25,0.0,0.0,0.0,Bernanke,forward_guidance,0.0114453891432308,0.0438194898626553,-0.0209287115761935,1529,0.6880010068455423,0.5318406299344172,0.4207426053055452,-0.1099998950958252,-0.0049999952316284,25.450000762939453,3.5309999734163284,0.012283,-0.013741,0.008382,0.020665,1005.81,0.012435,0.011525,,,,0.0900052037856898,-0.3458763403147183,0.0,-0.2198649939009394,1,0.0114453891432308,0.0095536756126021,0.0205659276546091,-0.0014585764294049,6856,-0.0014585764294049
2009-09-23,unchanged,0.25,0.25,0.0,0.0,0.0,Bernanke,forward_guidance,0.0137165251469627,0.0476812540822991,-0.0202482037883736,1531,-0.9511029501025644,-1.1170869807850732,-1.5301085883514314,-0.0369999408721923,-0.0049999952316284,23.489999771118164,3.322999984025955,-0.010386,0.008567,-0.012689,-0.023075,1060.87,-0.005232,-0.010069,,,,0.0862708901658821,-2.3158299756943665,-0.9999999999987796,-1.828595154429312,1,0.0137165251469627,0.0136874915300176,0.02940777883182,-0.0020327957717847,7379,-0.0020327957717847
2009-11-04,unchanged,0.25,0.25,0.0,0.0,0.0,Bernanke,forward_guidance,0.0146590184831102,0.0465264499681325,-0.017208413001912,1569,1.9235551727484472,2.4227469620792905,0.1840434425200112,-0.0130000114440917,-0.0100000016391277,27.71999931335449,3.501000002026558,0.000887,0.005758,0.019376,0.020263,1046.5,-0.002387,0.001043,,,,0.0325880906255782,-0.3678137134310719,-0.5769230769242943,-0.2888184348086909,1,0.0146590184831102,0.0148400173736788,0.02837700883162,0.0013030259157376,6907,0.0013030259157376
2009-12-16,unchanged,0.25,0.25,0.0,0.0,0.0,Bernanke,forward_guidance,0.013456937799043,0.0466507177033492,-0.0197368421052631,1672,-1.1810614167124218,-1.2170801868200056,-2.5275166157529725,-0.1089999675750732,0.0049999989569187,20.540000915527344,3.56099995598197,0.003319,-0.004616,-0.012564,-0.009245,1109.18,0.005027,0.001128,,,,-0.296587749565936,0.4771087935631712,-1.5500000000009766,0.2091333191312596,1,0.013456937799043,0.0144224633056796,0.0301212507977026,-0.0012763241863433,7835,-0.0012763241863433
2010-01-27,unchanged,0.25,0.25,0.0,0.0,0.0,Bernanke,forward_guidance,0.0117967332123411,0.042952208106473,-0.0193587416817906,1653,-1.1817740959567198,-1.909143912530038,-0.0737780164250082,0.0139999389648437,0.0,23.13999938964844,3.5740000531077385,0.004186,-0.004922,-0.011333,-0.007147,1097.5,0.00188,0.00488,,,,-0.110548284601487,0.9260067108644632,-0.5000000000010552,0.7012487469695802,1,0.0117967332123411,0.0136924192963365,0.0287450126949582,-0.001360174102285,11028,-0.001360174102285
2010-03-16,unchanged,0.25,0.25,0.0,0.0,0.0,Bernanke,forward_guidance,0.0132002575660012,0.0457179652285898,-0.0193174500965872,1553,0.5821675803744166,0.4659390868624664,0.1604035739125875,-0.0110001564025878,-0.0049999952316284,17.690000534057617,3.4980001151561737,0.008745,-0.000684,0.005613,0.014358,1159.46,0.007171,0.007779,,,,-0.0505709122471608,-0.8020957610047237,-1.0333333333332198,-0.6899174284783172,1,0.0132002575660012,0.0090034150884818,0.0190934492393666,-0.0010866190624029,6442,-0.0010866190624029
2010-04-28,unchanged,0.25,0.25,0.0,0.0,0.0,Bernanke,forward_guidance,0.0128543177323665,0.044825313117996,-0.019116677653263,1517,1.29432280208422,1.625984299410739,-0.2475902239536272,-0.0450000762939453,0.0049999952316284,21.07999992370605,3.618000000715256,0.00524,-0.023848,0.013643,0.018883,1191.36,0.00155,0.006463,,,,-0.0074757916364071,-0.0683958151181126,0.0,-0.046524415473108,1,0.0128543177323665,0.0158232463176316,0.027417237859122,0.0042292547761411,6857,0.0042292547761411
2010-06-23,unchanged,0.25,0.25,0.0,0.0,0.0,Bernanke,forward_guidance,0.0115882753919563,0.0422631220177232,-0.0190865712338105,1467,-1.6803502618826398,-1.6329327048562998,0.9237520978517068,0.0079998970031738,0.005000002682209,26.90999984741211,2.995000012218952,-0.002917,-0.016156,-0.016272,-0.0191889999999999,1092.04,-0.001882,-0.002985,,,,0.0840857186757961,0.2119356148863717,0.0,0.2199127224798104,1,0.0115882753919563,0.0149863760217983,0.0288049824834565,0.0011677695601401,7707,0.0011677695601401
2010-08-10,unchanged,0.25,0.25,0.0,0.0,0.0,Bernanke,forward_guidance,0.011182108626198,0.040255591054313,-0.0178913738019169,1565,-2.817876495417327,-3.009878112480284,0.1086815650553561,-0.0959999561309814,0.0,22.3700008392334,2.635999903082848,-0.007992,0.005856,-0.02923,-0.037222,1121.06,-0.011581,-0.005967,,,,0.1633168526455005,-0.6416790204487024,0.3690476190483979,-0.4140373272893465,1,0.011182108626198,0.0104278484894954,0.0266830240760619,-0.005827327097071,6521,-0.005827327097071
2010-09-21,unchanged,0.25,0.25,0.0,0.0,0.0,Bernanke,forward_guidance,0.0117187499999999,0.0416666666666666,-0.0182291666666666,1536,-0.4825492514895987,-0.6299635308883835,1.3989253706600115,-0.0460000038146972,0.0,22.350000381469727,2.4390000998973846,-0.003097,0.015179,-0.005023,-0.0081199999999999,1139.78,-0.002993,-0.002564,,,,0.2075748702111649,-0.2464553577909618,0.0,-0.0840084673651761,1,0.0117187499999999,0.0089028319484483,0.0193318636594878,-0.0015261997625911,5897,-0.0015261997625911
2010-11-03,unchanged,0.25,0.25,0.0,0.0,0.0,Bernanke,forward_guidance,0.0134291068082448,0.0393504059962523,-0.0124921923797626,1601,1.928286287479284,1.4592963769345848,3.410363953223086,-0.1349999904632568,-0.0049999952316284,19.559999465942383,2.498999960720539,0.003439,0.009053,0.019913,0.023352,1197.96,0.00231,0.003678,,,,0.3871016632344076,-0.2096774372145821,0.8333333333326248,0.0625284302653907,1,0.0134291068082448,0.0156568598893096,0.0307311389455286,0.0005825808330905,6866,0.0005825808330905
2010-12-14,unchanged,0.25,0.25,0.0,0.0,0.0,Bernanke,forward_guidance,0.0143929912390488,0.0419274092615769,-0.0131414267834793,1598,-0.5122452280258635,-0.3995859572962948,-1.2895394628645247,0.0650000572204589,0.0,17.610000610351562,3.3199999183416367,0.000271,0.000182,-0.005256,-0.004985,1241.59,-0.001438,0.000911,,,,0.1877091903831082,-0.0571919312778477,0.455882352940114,0.0707242523779146,1,0.0143929912390488,0.0169141282718506,0.0304607377927445,0.0033675187509566,6533,0.0033675187509566
2011-01-26,unchanged,0.25,0.25,0.0,0.0,0.0,Bernanke,forward_guidance,0.01360103626943,0.0408031088082901,-0.01360103626943,1544,0.2244305753167037,0.5760185908696843,-1.095271986942048,-0.0429999828338623,-0.0150000005960464,16.639999389648438,3.2729999721050262,0.007332,-0.000428,0.002133,0.009465,1296.63,0.011707,0.004221,,,,0.1294251837848082,-0.1295745838067981,-0.4999999999999449,-0.0511373269681117,1,0.01360103626943,0.0140769079850892,0.0260937806552874,0.0020600353148911,10194,0.0020600353148911
2011-03-15,unchanged,0.25,0.25,0.0,0.0,0.0,Bernanke,forward_guidance,0.0133672819859961,0.0394653087205601,-0.0127307447485677,1571,-1.94949490428555,-1.893654264234557,0.2441493949209598,-0.1110000610351562,-0.0099999979138374,24.31999969482422,3.2279999554157257,-0.011151,-0.005489,-0.016642,-0.0277929999999999,1281.87,-0.010769,-0.0112,,,,0.0588928533875645,0.1272997376347689,0.0,0.1495414676912928,1,0.0133672819859961,0.0162490508731966,0.0255125284738041,0.0069855732725892,6585,0.0069855732725892
2011-04-27,unchanged,0.25,0.25,0.0,0.0,0.0,Bernanke,forward_guidance,0.013676844783715,0.0388040712468193,-0.0114503816793893,1572,0.3555424049938198,0.0923434635800102,0.9296563664656012,-0.0559999942779541,-0.0150000005960464,15.350000381469728,3.31800002977252,0.00615,0.008145,0.002931,0.009081,1355.66,0.005247,0.00625,,,,-0.0959303804852834,-0.178532725314546,0.0,-0.1785696580680672,1,0.013676844783715,0.0199575653096406,0.0312955841400344,0.0086195464792467,7541,0.0086195464792467
2011-06-22,unchanged,0.25,0.25,0.0,0.0,0.0,Bernanke,forward_guidance,0.0114869176770899,0.0357370772176132,-0.0127632418634333,1567,-0.282798654925798,0.65787969306143,-2.1121803279319966,-0.0840001106262207,-0.0049999998882412,18.520000457763672,2.9830000307410955,-0.005482,0.015899,-0.00259,-0.008072,1287.14,-0.003055,-0.006468,,,,0.0460772688334768,0.2356757357547913,0.0,0.2292959068750435,1,0.0114869176770899,0.0124142661179698,0.0205761316872428,0.0042524005486968,7290,0.0042524005486968
2011-08-09,unchanged,0.25,0.25,0.0,0.0,0.0,Bernanke,forward_guidance,0.0104166666666666,0.0324754901960784,-0.011642156862745,1632,-4.415240397919247,-4.08737774135995,2.373566024604885,-0.0449998378753662,-0.0149999996647238,35.060001373291016,2.1519999224692583,0.051244,-0.068712,-0.038591,0.0126529999999999,1172.53,0.047193,0.047407,,,,0.2211257928695423,-0.7381164694509629,-0.7045454545469414,-0.5245586661854929,1,0.0104166666666666,0.0094325034792021,0.0213391062316375,-0.0024740992732333,6467,-0.0024740992732333
2011-09-21,unchanged,0.25,0.25,0.0,0.0,0.0,Bernanke,forward_guidance,0.0125804564072557,0.0392042129900526,-0.0140433001755412,1709,-3.188312151643559,-3.251136496330566,-3.672115692502077,-0.1599999666213989,0.0,37.31999969482422,1.8700000001117587,-0.029444,-0.004116,-0.034428,-0.063872,1166.76,-0.024666,-0.029391,,,,0.3310100209033926,1.1977873808962811,0.8333333333313913,1.1535584155935692,1,0.0125804564072557,0.0107913669064748,0.020607243019144,0.0009754907938056,8201,0.0009754907938056
2011-11-02,unchanged,0.25,0.25,0.0,0.0,0.0,Bernanke,forward_guidance,0.013125,0.04,-0.01375,1600,1.878180753005879,2.196607196395421,2.0535663216705,0.059999942779541,0.0,32.7400016784668,2.0010000420734286,0.017082,-0.028627,0.019202,0.036284,1237.9,0.017888,0.016105,,,,-0.0015702727973757,0.4173548804725188,-0.5357142857130371,0.3312584762345173,1,0.013125,0.0138014203403457,0.0262628969583277,0.0013399437223636,7463,0.0013399437223636
2011-12-13,unchanged,0.25,0.25,0.0,0.0,0.0,Bernanke,forward_guidance,0.0129366106080206,0.0401034928848641,-0.0142302716688227,1546,-1.1348367422952284,-1.5492740440088637,-4.554489696608322,-0.0609999895095825,0.0,25.40999984741211,1.9570000125095248,-0.011256,-0.015558,-0.012735,-0.023991,1225.73,-0.012526,-0.008686,,,,0.1384123636739121,0.2417579704022916,0.4305555555545521,0.2855920955519064,1,0.0129366106080206,0.01,0.02,0.0,7450,0.0
2012-01-25,unchanged,0.25,0.25,0.0,0.0,0.0,Bernanke,forward_guidance,0.0091205211726384,0.0345276872964169,-0.01628664495114,1535,-0.57538908840252,-0.4623348398854519,1.5590068972094462,-0.0759999752044677,0.0100000016391277,18.309999465942383,1.9719999693334105,0.009947,-0.0008,-0.004903,0.0050439999999999,1326.05,0.009547,0.008672,,,,0.1538779923663267,-0.4498807257532319,-0.5000000000010552,-0.293325604354081,1,0.0091205211726384,0.0104006163328197,0.0230161787365177,-0.0022149460708782,10384,-0.0022149460708782
2012-03-13,unchanged,0.25,0.25,0.0,0.0,0.0,Bernanke,forward_guidance,0.0097024579560155,0.0349288486416558,-0.0155239327296248,1546,-0.1196261996068075,0.0279648436458446,-3.022964671897737,0.1669998168945312,0.0,14.800000190734863,2.0270001143217087,0.017621,-0.001366,-0.003912,0.013709,1395.95,0.01448,0.018132,,,,0.1065925541990835,0.3620040289562837,0.4305555555564642,0.3700381269333225,1,0.0097024579560155,0.0171266233766233,0.0329545454545454,0.0012987012987012,6160,0.0012987012987012
2012-04-25,unchanged,0.25,0.25,0.0,0.0,0.0,Bernanke,forward_guidance,0.0102893890675241,0.0347266881028938,-0.0141479099678456,1555,0.6680165568110759,0.6925012434158593,1.1088065615432114,-0.024999976158142,0.0,16.81999969482422,1.898999966681004,0.013825,0.003247,0.00683,0.020655,1390.69,0.010281,0.013645,,,,-0.0981110927312838,0.1707544632995862,0.0,0.0993975526936827,1,0.0102893890675241,0.0177294615496862,0.0335619436743032,0.0018969794250693,6853,0.0018969794250693
2012-06-20,unchanged,0.25,0.25,0.0,0.0,0.0,Bernanke,forward_guidance,0.0117719950433705,0.0384138785625774,-0.0148698884758364,1614,-2.226167703901345,-2.4351162609930763,-3.114939763881491,-0.0239999294281005,-0.0049999952316284,17.239999771118164,1.561999961733818,-0.001471,0.01164,-0.023472,-0.024943,1355.69,-0.000497,-0.001686,,,,0.231352444633905,0.3997845590229276,0.7500000000015827,0.4656931195448919,1,0.0117719950433705,0.0130181347150259,0.0240932642487046,0.0019430051813471,7720,0.0019430051813471
2012-08-01,unchanged,0.25,0.25,0.0,0.0,0.0,Bernanke,forward_guidance,0.0108211330362826,0.0362826225334182,-0.0146403564608529,1571,-0.7503669467536007,-0.3575065336363135,-1.0163950398515396,-0.0609999895095825,-0.005000002682209,18.959999084472656,1.4490000307559967,-0.004475,-0.004994,-0.007294,-0.011769,1375.14,-0.009081,-0.00303,,,,0.5006355354622913,0.1269530137571298,1.5499999999998295,0.406588483812649,1,0.0108211330362826,0.0128167994207096,0.0291093410572049,-0.0034757422157856,6905,-0.0034757422157856
2012-09-13,unchanged,0.25,0.25,0.0,0.0,0.0,Bernanke,forward_guidance,0.0152420800956365,0.0478182904961147,-0.0173341303048416,1673,0.3958951318527273,0.8910452195063081,0.0395722826210334,0.1139999628067016,0.0,14.050000190734863,1.6610000431537628,0.01528,0.002652,0.006142,0.021422,1459.99,0.011218,0.01631,,,,0.3857440913287277,0.204572700683008,0.8823529411763734,0.3936081787634351,1,0.0152420800956365,0.0134186622625928,0.0298651252408477,-0.0030278007156619,7266,-0.0030278007156619
2012-10-24,unchanged,0.25,0.25,0.0,0.0,0.0,Bernanke,forward_guidance,0.0138721351025331,0.0440289505428226,-0.0162846803377563,1658,0.2995542646406389,0.1482431528325905,0.6762716847985887,0.0529999732971191,0.005000002682209,18.32999992370605,1.6699999794363976,-0.002612,-0.012926,0.003301,0.0006889999999999,1408.75,-0.001404,-0.003085,,,,-0.0088295430324917,0.0726860901923982,0.0,0.0667494380288731,1,0.0138721351025331,0.0152348044604994,0.0312549081199937,-0.0007852991989948,6367,-0.0007852991989948
2012-12-12,unchanged,0.25,0.25,0.0,0.0,0.0,Bernanke,forward_guidance,0.0153374233128834,0.0457334076965978,-0.015058561070831,1793,-0.6321425165448823,-0.7183646634478685,-1.2233484969514776,0.031000018119812,-0.0079999975860118,15.949999809265137,1.6370000280439854,0.000255,0.006153,-0.005872,-0.005617,1428.48,-0.000299,0.000448,,,,0.172982306973031,-0.0807665609496816,0.4078947368411546,0.0458157752507319,1,0.0153374233128834,0.0116025116025116,0.0237510237510237,-0.0005460005460005,7326,-0.0005460005460005
2013-01-30,unchanged,0.25,0.25,0.0,0.0,0.0,Bernanke,forward_guidance,0.0134209023415191,0.0445459737292975,-0.0177041690462592,1751,-0.2563301077303289,-0.0057338638737207,-1.1488807993116568,-0.0210000276565551,0.0049999989569187,14.31999969482422,1.9460000433027744,-0.003846,0.003632,-0.00082,-0.004666,1501.96,-0.004865,-0.0039,,,,0.077067501684459,-0.0215363834695558,0.5000000000010552,0.0470195284723932,1,0.0134209023415191,0.0146006028636021,0.0308967596081386,-0.0016955538809344,10616,-0.0016955538809344
2013-03-20,unchanged,0.25,0.25,0.0,0.0,0.0,Bernanke,forward_guidance,0.0128718535469107,0.0417620137299771,-0.0160183066361556,1748,-0.828243382855539,-0.9707436971656584,0.3919159457620528,-0.0049999952316284,-0.0030000023543834,12.670000076293944,1.874000035226345,0.007248,-0.002923,-0.007562,-0.000314,1558.71,0.006508,0.006698,,,,0.1572265452894984,0.1187449719618549,0.0,0.1816167007649108,1,0.0128718535469107,0.0174018905757662,0.032225723288456,0.0025780578630764,6982,0.0025780578630764
2013-05-01,unchanged,0.25,0.25,0.0,0.0,0.0,Bernanke,forward_guidance,0.0157746478873239,0.0478873239436619,-0.016338028169014,1775,0.9407983261396148,1.2576114263082507,1.4796308940934784,-0.0080000162124633,0.0,14.489999771118164,1.5890000574290752,-0.010607,0.004139,0.009484,-0.001123,1582.7,-0.013124,-0.009308,,,,0.0903841358828236,0.0744717713131224,0.0,0.1163361649337411,1,0.0157746478873239,0.0172102810762062,0.0357733353374417,-0.0013527731850293,6653,-0.0013527731850293
2013-06-19,unchanged,0.25,0.25,0.0,0.0,0.0,Bernanke,forward_guidance,0.0149667405764966,0.04490022172949,-0.0149667405764966,1804,-2.501035094286317,-2.281600247090283,-6.384679144629772,0.1079998016357421,0.0,16.639999389648438,2.2710001096129417,-0.013406,0.007358,-0.025752,-0.039158,1628.93,-0.009639,-0.013852,,,,0.1429012102959968,0.0930313950228939,0.0,0.1584367856946502,1,0.0149667405764966,0.0181645569620253,0.0373417721518987,-0.0010126582278481,7900,-0.0010126582278481
2013-07-31,unchanged,0.25,0.25,0.0,0.0,0.0,Bernanke,forward_guidance,0.0146651909241837,0.0437188710570005,-0.014388489208633,1807,1.2540569897534306,1.361412968104997,-0.1066766525463574,0.1300001144409179,0.0050000008195638,13.449999809265137,2.5629999358206987,0.000199,0.000403,0.012261,0.0124599999999999,1685.73,0.00175,-0.000136,,,,0.1225324723379187,-0.1131923794733111,0.0,-0.0193505950711803,1,0.0146651909241837,0.0179242555651922,0.0352703093379589,0.0005782017924255,6918,0.0005782017924255
2013-09-18,unchanged,0.25,0.25,0.0,0.0,0.0,Bernanke,forward_guidance,0.0157563025210084,0.0435924369747899,-0.0120798319327731,1904,-0.1842953819684679,0.1517055110248307,4.710198293778559,0.0399999618530273,0.0,13.59000015258789,2.7029999447986484,0.012556,0.004981,-0.001145,0.011411,1725.52,0.011768,0.012178,,,,0.0819551783792399,-0.2718435058647377,0.0,-0.1661228736766817,1,0.0157563025210084,0.0170554301479809,0.0336092299974918,0.00050163029847,7974,0.00050163029847
2013-10-30,unchanged,0.25,0.25,0.0,0.0,0.0,Bernanke,forward_guidance,0.0151354221986192,0.0435475305363781,-0.0132766861391396,1883,-0.3839381224110483,-0.2775683206396097,-1.8828780143856565,0.0150001049041748,-0.0020000003278255,13.649999618530272,2.491999950259924,-0.005665,0.004437,-0.003506,-0.009171,1763.31,-0.007185,-0.004876,,,,0.0713799109616711,0.0863418317473645,0.0,0.1210277571313841,1,0.0151354221986192,0.0151617706782184,0.0327602545011506,-0.0024367131447136,7387,-0.0024367131447136
2013-12-18,unchanged,0.25,0.25,0.0,0.0,0.0,Bernanke,forward_guidance,0.0141200201714573,0.0408472012102874,-0.0126071608673726,1983,-0.0579929204410886,-0.2928744501068504,-3.324971798211972,0.0399999618530273,-0.0020000003278255,13.800000190734863,2.8249999918043613,0.014462,-0.002344,-0.001026,0.013436,1810.65,0.008528,0.016648,,,,0.1093883608039483,0.0626017108789713,0.0,0.1116445727361614,1,0.0141200201714573,0.0145972564192754,0.027904795403916,0.0012897174346347,8529,0.0012897174346347
2014-01-29,unchanged,0.25,0.25,0.0,0.0,0.0,Bernanke,forward_guidance,0.013340174448435,0.0400205233453052,-0.013340174448435,1949,1.1267044743841543,1.7697443219224114,-1.5845350002930385,0.0180001258850097,-0.0249999994412064,17.350000381469727,2.634999953210354,-0.00993,0.007293,0.011488,0.001558,1774.2,-0.007727,-0.010209,,,,0.0903841358828236,0.0744717713131224,0.0,0.1163361649337411,1,0.013340174448435,0.0132857511393928,0.0258835669447071,0.0006879353340785,11629,0.0006879353340785
2014-03-19,unchanged,0.25,0.25,0.0,0.0,0.0,Yellen,forward_guidance,0.0140562248995983,0.0396586345381526,-0.0115461847389558,1992,0.6040504799838986,0.271379448909625,-0.8125856728550266,0.0030000209808349,0.0020000003278255,15.119999885559082,2.7220000736415386,-0.006779,0.007665,0.004709,-0.00207,1860.77,-0.00528,-0.006132,,,,-0.0048565424028375,0.6017616360020809,0.0,0.4970729349860776,1,0.0140562248995983,0.0117104771396536,0.0231717951912296,0.0002491590880777,8027,0.0002491590880777
2014-04-30,unchanged,0.25,0.25,0.0,0.0,0.0,Yellen,forward_guidance,0.0145303580695381,0.0409963674104826,-0.0119356512714063,1927,-0.0143261481426093,0.3132810442717298,-0.964803970017586,-0.0420000553131103,-0.0020000003278255,13.40999984741211,2.6280000023543835,0.003405,0.005627,0.000772,0.004177,1883.95,0.002607,0.002992,,,,0.077568551328778,0.1828477694331185,0.0,0.1960906041174814,1,0.0145303580695381,0.0171673819742489,0.0308093194359288,0.0035254445125689,6524,0.0035254445125689
2014-06-18,unchanged,0.25,0.25,0.0,0.0,0.0,Yellen,forward_guidance,0.0151515151515151,0.0428422152560083,-0.012539184952978,1914,0.1277478576659318,-0.0804468133302652,3.245828824691435,0.0090000629425048,-0.007999999448657,10.609999656677246,2.5949999168515205,0.006963,0.002951,0.001678,0.008641,1956.98,0.005413,0.007719,,,,0.038903047526622,0.341424074766475,0.0,0.3079552457601981,1,0.0151515151515151,0.0184200990457784,0.0303176712163304,0.0065225268752264,8279,0.0065225268752264
2014-07-30,unchanged,0.25,0.25,0.0,0.0,0.0,Yellen,forward_guidance,0.015267175572519,0.043765903307888,-0.0132315521628498,1965,-1.999924034066198,-2.0867571500671938,-1.0502722472409745,0.002000093460083,-0.0100000016391277,13.329999923706056,2.525999899953604,0.00054,-0.003659,-0.019359,-0.018819,1970.07,0.001238,6.1e-05,,,,0.1219979309193977,-0.0850382892528703,-0.4999999999999449,-0.0129022545688967,1,0.015267175572519,0.0174081237911025,0.0304319793681495,0.0043842682140554,7755,0.0043842682140554
2014-09-17,unchanged,0.25,0.25,0.0,0.0,0.0,Yellen,forward_guidance,0.0156872509960159,0.0448207171314741,-0.0134462151394422,2008,0.4891180086237238,0.6847640009782343,-0.7048017717204111,0.0290000438690185,-0.0030000004917383,12.649999618530272,2.5869999043643475,0.000797,0.007016,0.004516,0.005313,2001.57,0.000746,0.001296,,,,0.0536304222372207,0.5502755083710918,0.0,0.486837726824554,1,0.0156872509960159,0.0158013544018058,0.0293453724604966,0.0022573363431151,8860,0.0022573363431151
2014-10-29,unchanged,0.25,0.25,0.0,0.0,0.0,Yellen,forward_guidance,0.0141843971631205,0.03873431533006,-0.0103655210038188,1833,0.6230124240393591,0.371714692873311,-2.140004263437356,-0.0179998874664306,-0.0119999996386468,15.149999618530272,2.307999954558909,-0.002246,0.013743,0.004987,0.002741,1982.3,-0.002074,-0.001385,,,,0.0555615304544951,0.7728121127325153,0.0,0.6758246724446016,1,0.0141843971631205,0.014120427967156,0.025379447623787,0.002861408310525,8038,0.002861408310525
2014-12-17,unchanged,0.25,0.25,0.0,0.0,0.0,Yellen,forward_guidance,0.0111352525801195,0.0336773492667028,-0.0114068441064638,1841,2.4015204739716167,2.241233734112863,0.0334842441095429,0.0559999942779541,0.0130000002682209,19.440000534057617,2.1280000023543835,0.021789,-0.005842,0.021547,0.043336,2012.89,0.022401,0.020352,,,,0.2372627098423414,-1.6038094910949352,-0.5535714285725968,-1.185489539154673,1,0.0111352525801195,0.0149233296823658,0.0238225629791894,0.0060240963855421,7304,0.0060240963855421
2015-01-28,unchanged,0.25,0.25,0.0,0.0,0.0,Yellen,forward_guidance,0.0136904761904761,0.0386904761904761,-0.0113095238095238,1680,0.95346852870999,0.9793018005593244,-2.43409660423541,0.027000069618225,-0.0049999998882412,20.440000534057617,1.7089999774470923,-0.014065,-0.010008,0.008482,-0.0055829999999999,2002.16,-0.012663,-0.013496,,,,0.1225324723379768,-0.1131923794735723,0.0,-0.0193505950713654,1,0.0136904761904761,0.0140173514017351,0.0235176023517602,0.00451710045171,13947,0.00451710045171
2015-03-18,unchanged,0.25,0.25,0.0,0.0,0.0,Yellen,forward_guidance,0.011504424778761,0.0365781710914454,-0.0135693215339233,1695,-0.4872579408787806,0.1916542313859821,1.537254715699902,0.0260000228881835,-0.0279999990016222,13.970000267028809,1.912999976426363,0.01208,-0.001752,-0.004553,0.007527,2099.5,0.010275,0.012158,,,,0.0557723603609776,-1.6268865218603634,-0.5961538461551041,-1.279307016325694,1,0.011504424778761,0.0163102573396158,0.0279086625588981,0.0047118521203334,8277,0.0047118521203334
2015-04-29,unchanged,0.25,0.25,0.0,0.0,0.0,Yellen,forward_guidance,0.0104665071770334,0.0358851674641148,-0.0149521531100478,1672,-1.0128906614839197,-1.6366660948260738,-2.264839089782116,0.0109999179840087,0.0019999998621642,13.390000343322754,2.0320000858046114,-0.003923,0.002456,-0.010676,-0.014599,2106.85,-0.00496,-0.00374,,,,0.0898495944642722,0.1026258615337335,-0.4999999999999449,0.1227845054361465,1,0.0104665071770334,0.0148817613481924,0.0256863278064691,0.0040771948899157,7358,0.0040771948899157
2015-06-17,unchanged,0.25,0.25,0.0,0.0,0.0,Yellen,forward_guidance,0.0114665057332528,0.0380205190102595,-0.0150875075437537,1657,0.9902710578908204,1.3439669661465088,2.133625898081668,0.0450000762939453,0.0,14.5,2.302999994251877,0.001723,0.004953,0.009278,0.011001,2100.44,0.000426,0.00198,,,,-0.0428052642357264,-0.8969241118088501,-0.5769230769268564,-0.7433176078939004,1,0.0114665057332528,0.0187148696985181,0.0316811446090955,0.0057485947879407,7828,0.0057485947879407
2015-07-29,unchanged,0.25,0.25,0.0,0.0,0.0,Yellen,forward_guidance,0.0112053301029678,0.0375529981829194,-0.0151423379769836,1651,0.0028367306366792,0.3335427487884741,-0.3935139516754813,-0.0110001564025878,0.0149999968707561,12.5,2.234000042080879,0.007577,0.012261,0.000803,0.00838,2108.57,0.006651,0.007319,,,,-0.0155245468611639,-0.0743078516535541,-0.4999999999988347,-0.072770373284725,1,0.0112053301029678,0.0174808137410159,0.029358021683518,0.0056036057985138,8209,0.0056036057985138
2015-09-17,unchanged,0.25,0.25,0.0,0.0,0.0,Yellen,forward_guidance,0.0102941176470588,0.0352941176470588,-0.0147058823529411,1700,-1.6164165744279924,-1.3633202664721769,1.8616240802663893,-0.0869998931884765,0.0069999997504055,21.13999938964844,2.214000007603317,-0.000704,0.009522,-0.015322,-0.016026,1990.2,0.003943,-0.002561,,,,-1.4843952472459103,-0.3787068770177032,-6.346153846154428,-1.1989117753695009,1,0.0102941176470588,0.0153824833702882,0.0210643015521064,0.00970066518847,7216,0.00970066518847
2015-10-28,unchanged,0.25,0.25,0.0,0.0,0.0,Yellen,forward_guidance,0.0097575399172087,0.0354819633353045,-0.015966883500887,1691,-0.0449774201904818,-0.4203537130653749,-2.5401431513222867,0.0810000896453857,0.0179999992251396,14.329999923706056,2.057000007480383,0.013657,-0.004495,-0.002218,0.011439,2090.35,0.016547,0.01184,,,,0.0616922611744087,1.089946588087466,-0.5000000000010552,0.8985845815214294,1,0.0097575399172087,0.0132709321707911,0.0259007565072445,0.0006411078343377,7799,0.0006411078343377
2015-12-16,rate_hike,0.25,0.5,0.25,0.0,0.25,Yellen,forward_guidance,0.0131810193321616,0.0392501464557703,-0.0128881077914469,1707,-1.504052090994365,-1.3523628798670169,-2.523186565108998,-0.0490000247955322,-0.0219999998807907,17.860000610351562,2.051999941468239,0.014887,0.011317,-0.014588,0.0002989999999999,2073.07,0.013381,0.014515,,,,0.4905468303032785,0.4134075238997948,2.0666666666687337,0.6450003528791468,1,0.0131810193321616,0.0130921851801862,0.0187609663922256,0.0074234039681468,7409,0.0074234039681468
2016-01-27,unchanged,0.5,0.5,0.0,0.0,0.0,Yellen,normalization,0.012782401902497,0.0374554102259215,-0.0118906064209274,1682,0.5528577205787493,0.8618797982080716,-0.0447988541293092,-0.0159999132156372,0.0179999768733978,23.11000061035156,1.700999915599823,-0.010546,0.015919,0.005035,-0.0055109999999999,1882.95,-0.007908,-0.010864,,,,-0.0798186066376592,-0.6399438104261714,-0.5000000000010552,-0.5519580125404718,0,0.0,0.0102635964247841,0.0173458566883805,0.0031813361611876,13202,0.0
2016-03-16,unchanged,0.5,0.5,0.0,0.0,0.0,Yellen,normalization,0.0129946839929119,0.0383933845245127,-0.0124040165386887,1693,0.659523648662075,0.2313200762026896,2.863414119720457,-0.0349999666213989,-0.0250000059604644,14.989999771118164,1.637999951839447,0.007493,-0.004458,0.00825,0.015743,2027.22,0.008931,0.0056,,,,-0.594420449651158,-1.4940631446675787,-1.5500000000009766,-1.5203653088783786,0,0.0,0.0164119601328903,0.0264451827242524,0.0063787375415282,7525,0.0
2016-04-27,unchanged,0.5,0.5,0.0,0.0,0.0,Yellen,normalization,0.0126545026486168,0.03708063566804,-0.0117716303708063,1699,-0.9230768513682666,-1.1895626288754764,1.304839054214973,-0.0219999551773071,-0.0350000113248825,13.770000457763672,1.6150000095367432,0.002651,0.003357,-0.008569,-0.005918,2095.15,0.00482,0.001649,,,,-0.1051238619000274,0.4503543539275026,-0.5000000000010552,0.3068712964690916,0,0.0,0.0157371617890668,0.0294864715626725,0.001987852015461,9055,0.0
2016-06-15,unchanged,0.5,0.5,0.0,0.0,0.0,Yellen,normalization,0.012012012012012,0.0366366366366366,-0.0126126126126126,1665,0.3132990699674149,0.2066161398522329,0.8010519806092579,-0.0319999456405639,-0.0099999904632568,20.13999938964844,1.340999960899353,-0.000492,-0.00278,0.001908,0.001416,2071.5,0.003866,-0.001841,,,,-0.1777832277069232,-0.737434673246432,0.0,-0.6591531305622609,0,0.0,0.0130880355599456,0.0230892702802815,0.0030868008396098,8099,0.0
2016-07-27,unchanged,0.5,0.5,0.0,0.0,0.0,Yellen,normalization,0.0127294256956779,0.0367081113084665,-0.0112492599171107,1689,0.1606209022175465,0.2951455735146462,0.4296753616077726,-0.0039999485015869,-0.0629999935626983,12.829999923706056,1.2319999933242798,-0.001242,0.001613,0.001673,0.0004309999999999,2166.58,0.001903,-0.001199,,,,-0.006839162260624,0.2678716962556842,-0.99999999999989,0.1915681694801084,0,0.0,0.0167351438019841,0.0312656578815512,0.002204629722417,9979,0.0
2016-09-21,unchanged,0.5,0.5,0.0,0.0,0.0,Yellen,normalization,0.0121527777777777,0.0376157407407407,-0.0133101851851851,1728,0.6499784427785565,0.8373623234351625,1.0174089796977268,-0.0360000133514404,-0.0630000084638595,13.300000190734863,1.4449999779462814,0.011864,-0.000363,0.007814,0.019678,2163.12,0.011189,0.010917,,,,-0.9057417750172264,0.0217036309462257,-4.166666666668059,-0.5404653506422668,0,0.0,0.0076350822239624,0.0172278778386844,-0.0019577133907595,2554,-0.0
2016-11-02,unchanged,0.5,0.5,0.0,0.0,0.0,Yellen,normalization,0.0127832655432887,0.0389308541545613,-0.0133643230679837,1721,-0.442340083894613,-0.923690588757472,-0.359662769097866,0.0130000114440917,0.0130000114440917,19.31999969482422,1.4540000259876251,-0.00768,-0.006771,-0.00394,-0.01162,2097.94,-0.010496,-0.006525,,,,0.168657838425545,0.1454577113834787,-0.5357142857142267,0.1933089057002838,0,0.0,0.0202604920405209,0.0348435934543025,0.0056773906267393,8983,0.0
2016-12-14,rate_hike,0.5,0.75,0.25,0.0,0.25,Yellen,normalization,0.0120554550934297,0.0367691380349608,-0.0126582278481012,1659,0.3883227954907315,0.3711863341206901,-2.8846980617804205,0.054999828338623,-0.0349999964237213,13.1899995803833,2.002000093460083,-0.009619,0.005763,0.003588,-0.006031,2253.28,-0.01084,-0.008117,,,,-0.1601825407125011,1.25784344785178,-0.455882352940114,0.9462586480171468,0,0.0,0.0167443572129538,0.0264965652600588,0.0069921491658488,8152,0.0
2017-02-01,unchanged,0.75,0.75,0.0,0.0,0.0,Yellen,normalization,0.0132470733210104,0.0388170055452865,-0.0123228589032655,1623,0.0570309403293571,-0.1143028035209313,0.9207013777967908,-0.0039999485015869,-0.0119999945163726,11.8100004196167,1.9739999771118164,0.000282,0.000839,0.000599,0.000881,2279.55,0.001042,0.000298,,,,-0.1164214146853205,-0.3137314253696552,-0.51851851851731,-0.3097920791283164,0,0.0,0.0157750910897648,0.0264160317986088,0.0051341503809208,12076,0.0
2017-03-15,rate_hike,0.75,1.0,0.25,0.0,0.25,Yellen,normalization,0.0133738601823708,0.0389057750759878,-0.0121580547112462,1645,-0.1626710269421009,0.0120331346514388,2.1998187610305497,0.0140001773834228,-0.0069999694824218,11.630000114440918,1.7929999232292175,0.010125,-0.00418,-0.000614,0.009511,2385.26,0.011914,0.008375,,,,0.210100963119524,-0.9910124476103674,0.0,-0.6865035357132987,0,0.0,0.017215740105239,0.0309997712194005,0.0034317089910775,8742,0.0
2017-05-03,unchanged,1.0,1.0,0.0,0.0,0.0,Yellen,normalization,0.0118829981718464,0.0371724558196221,-0.0134064594759293,1641,0.0582102643895078,0.0459450997066557,-1.596600130316716,0.0469999313354492,0.0070000290870666,10.68000030517578,1.4610000252723694,-0.002573,0.000255,-0.000777,-0.00335,2388.13,-0.004587,-0.001271,,,,0.2991695360699641,0.2572683279351526,-0.2767857142850692,0.3509332723839659,0,0.0,0.01272464117718,0.0223133518272825,0.0031359305270775,8291,0.0
2017-06-14,rate_hike,1.0,1.25,0.25,0.0,0.25,Yellen,normalization,0.0122461170848267,0.03584229390681,-0.0113500597371565,1674,-0.2239598146152706,-0.4744254711564115,-1.6184865545233629,0.0239999294281005,0.0099999904632568,10.640000343322754,1.1550000309944153,-0.002289,0.005328,-0.002973,-0.0052619999999999,2437.92,-0.004337,-0.000996,,,,0.5418746518836697,0.167189658115428,1.8750000000018752,0.4709172559935969,0,0.0,0.017412935323383,0.0335820895522388,0.0012437810945273,1608,0.0
2017-07-26,unchanged,1.25,1.25,0.0,0.0,0.0,Yellen,normalization,0.011963190184049,0.0349693251533742,-0.011042944785276,1630,-0.0972688269174531,-0.6315061086567281,0.8486769884657726,0.0279998779296875,-0.0170000791549682,9.600000381469728,1.187000036239624,-8.5e-05,0.003457,-0.002093,-0.002178,2477.83,-0.000339,0.000283,,,,-0.0596643390699988,-0.1543735310600389,0.0,-0.1398657648576661,0,0.0,0.0093304061470911,0.0141328210757409,0.0045279912184412,7288,0.0
2017-09-20,unchanged,1.25,1.25,0.0,0.0,0.0,Yellen,normalization,0.0108630054315027,0.0319855159927579,-0.0102595051297525,1657,-0.3045917698414143,-0.5165720388111605,-1.6310994218035442,0.001000165939331,-0.0119999647140502,9.779999732971191,1.256999969482422,0.000919,0.001121,-0.002543,-0.001624,2508.24,0.002178,0.000634,,,,-0.0826258538270675,1.2203021201602806,0.0,0.9506823514274114,0,0.0,0.0099161846299138,0.0146381773108251,0.0051941919490024,8471,0.0
2017-12-13,rate_hike,1.25,1.5,0.25,0.0,0.25,Yellen,normalization,0.0108898568761667,0.0329807093963907,-0.0112009956440572,1607,-0.407085922717395,-0.2802585892351444,0.6744840412231848,-0.0030000209808349,0.0099999904632568,10.18000030517578,1.0759999752044678,0.000541,0.000744,-0.004374,-0.003833,2662.85,0.003889,-0.000473,,,,0.1961918692371978,-0.1626581766242719,0.4305555555545521,-0.0096035428205773,0,0.0,0.0135285139447759,0.016234216733731,0.0108228111558207,7207,0.0
2018-03-21,rate_hike,1.5,1.75,0.25,0.0,0.25,Powell,normalization,0.0121096239643084,0.0356915232632249,-0.011472275334608,1569,-2.5162888405856463,-2.431624378770569,0.4467346583020108,-0.0750000476837158,-0.027000069618225,17.860000610351562,1.1970000267028809,0.000421,0.001338,-0.023891,-0.0234699999999999,2711.93,0.005376,-0.001844,,,,0.0022212623689854,0.042866730808343,0.0,0.0552630900170082,0,0.0,0.0134945178521225,0.0199606409895979,0.0070283947146471,7114,0.0
2018-05-02,unchanged,1.75,1.75,0.0,0.0,0.0,Powell,normalization,0.0126459143968871,0.036964980544747,-0.0116731517509727,1542,-0.2253674239308525,-0.179554706802608,0.6218313939622144,-0.0179998874664306,0.0030000209808349,15.970000267028809,1.1790000200271606,-0.005574,0.002191,-0.002256,-0.00783,2635.67,0.00289,-0.007206,,,,0.0968643052834353,-0.1207319894921134,-0.2672413793109088,-0.0436693373349259,0,0.0,0.017159383033419,0.0237789203084832,0.0105398457583547,7780,0.0
2018-06-13,rate_hike,1.75,2.0,0.25,0.0,0.25,Powell,normalization,0.0131487889273356,0.0380622837370242,-0.0117647058823529,1445,0.247154977843219,0.8490435190003751,0.5474574332855965,-0.0309998989105224,-0.0119999647140502,12.9399995803833,1.0820000171661377,-0.003612,0.001944,0.002641,-0.000971,2775.63,-0.002707,-0.004026,,,,-0.1592834030794137,0.751594264195036,-0.4411764705911255,0.5282824714372025,0,0.0,0.0182534001431639,0.0260558339298496,0.0104509663564781,6985,0.0
2018-08-01,unchanged,2.0,2.0,0.0,0.0,0.0,Powell,normalization,0.0136173184357541,0.0377094972067039,-0.0104748603351955,1432,0.4926444803381743,1.2377878847200392,-0.599396393939403,-0.0169999599456787,-0.0130000114440917,13.149999618530272,1.024999976158142,-0.001296,0.005536,0.005511,0.004215,2813.36,-0.001793,-0.00104,,,,0.0714911398714543,-0.0451826544037166,-0.2583333333327313,0.0022197838397298,0,0.0,0.0162008409596834,0.0277022013356418,0.0046994805837249,8086,0.0
2018-09-26,rate_hike,2.0,2.25,0.25,0.0,0.25,Powell,normalization,0.0112994350282485,0.0338983050847457,-0.0112994350282485,1416,0.2763287087557916,0.6457785671937375,-0.979895408029732,-0.0050001144409179,-0.0199999809265136,12.890000343322754,0.9010000228881836,-0.004024,-0.000509,0.002401,-0.0016229999999999,2905.97,-0.004507,-0.003289,,,,0.4167749315582337,-0.2345470001099763,0.99999999999989,0.0578801504967431,0,0.0,0.0160109132682366,0.021395749569213,0.0106260769672601,6964,0.0
2018-11-08,unchanged,2.25,2.25,0.0,0.0,0.0,Powell,normalization,0.0136554621848739,0.0385154061624649,-0.011204481792717,1428,-0.9199013706103346,-1.6462881150409232,-1.3492517516226048,-0.0450000762939453,-0.0030000209808349,16.719999313354492,0.930999994277954,-0.002936,0.019256,-0.009721,-0.012657,2806.83,-0.003128,-0.002509,,,,0.0413770425819724,0.1938326688450339,0.6818181818181067,0.2107041550879619,0,0.0,0.018403767505267,0.0301152559177097,0.0066922790928243,8069,0.0
2018-12-19,rate_hike,2.25,2.5,0.25,0.0,0.25,Powell,normalization,0.0130494505494505,0.037087912087912,-0.0109890109890109,1456,-1.5772106327423614,-1.6336100306734114,0.918457010161542,0.0109999179840087,-0.0030000209808349,25.57999992370605,0.440000057220459,-0.014833,-0.000164,-0.015372,-0.030205,2506.96,-0.013426,-0.015396,,,,0.8251030639203198,0.0873195095649012,2.583333333333049,0.5570791939800203,0,0.0,0.0139126189895045,0.0200146448620942,0.0078105931169148,8194,0.0
2019-01-30,unchanged,2.5,2.5,0.0,0.0,0.0,Powell,normalization,0.0130674002751031,0.0378266850068775,-0.0116918844566712,1454,0.8597395948725415,1.3735076760518763,0.7481431082647816,-0.059999942779541,-0.0250000953674316,17.65999984741211,0.3299999237060547,0.014357,-0.000918,0.008467,0.022824,2681.05,0.009789,0.015549,,,,0.0159039898094316,-0.6329078443689973,0.0,-0.4849268848431771,0,0.0,0.0138390568939005,0.0218935344511971,0.0057845793366039,13657,0.0
2019-03-20,unchanged,2.5,2.5,0.0,0.0,0.0,Powell,normalization,0.0115646258503401,0.0340136054421768,-0.0108843537414965,1470,1.0852481049954332,1.4230840983513036,0.4306017367118416,0.0019998550415039,0.0,13.90999984741211,0.127000093460083,-0.003146,-0.000676,0.010294,0.007148,2824.23,-0.002614,-0.002944,,,,0.2817412965540306,-0.9483924535033404,0.0,-0.6202201565100884,0,0.0,0.0143804127018069,0.0210627606115684,0.0076980647920453,9353,0.0
2019-05-01,unchanged,2.5,2.5,0.0,0.0,0.0,Powell,normalization,0.0110726643598615,0.0332179930795847,-0.0110726643598615,1445,-0.2123985791774239,-0.159884379536328,-0.9130695348267625,0.0410001277923584,0.0099999904632568,14.800000190734863,0.1480000019073486,-0.007552,0.000358,-0.00167,-0.009222,2923.73,-0.006304,-0.007502,,,,-0.3337640549158064,-0.6124881987391846,-2.5833333333341963,-0.7201093621079054,0,0.0,0.0141493912471207,0.0222660963036086,0.0060326861906328,9117,0.0
2019-06-19,unchanged,2.5,2.5,0.0,0.0,0.0,Powell,normalization,0.0114787305874409,0.0344361917623227,-0.0114787305874409,1481,0.9472185190685072,0.8015206720173106,3.592150059877641,-0.0280001163482666,-0.0469999313354492,14.329999923706056,-0.0959999561309814,0.003742,0.009988,0.008794,0.012536,2926.46,0.00366,0.002985,,,,1.0328766446968298,-2.6147216135796243,6.136363636364474,-1.3773094027475603,0,0.0,0.0085756897837434,0.0109371116082525,0.0062142679592344,8046,0.0
2019-07-31,rate_cut,2.5,2.25,-0.25,0.0,-0.25,Powell,normalization,0.0117878192534381,0.0347085789129011,-0.0111329404060248,1527,-0.8998793869673047,-0.786501553460915,-0.364627393653696,-0.1269998550415039,0.0,16.1200008392334,-0.0090000629425048,-0.009979,-0.001279,-0.009219,-0.019198,2980.38,-0.006988,-0.010886,,,,1.223716592504504,0.3318814357611759,3.750000000001252,0.9772813497194184,0,0.0,0.0151980055614152,0.0219580017259564,0.0084380093968741,10429,0.0
2019-09-18,rate_cut,2.25,2.0,-0.25,0.0,-0.25,Powell,normalization,0.0132450331125827,0.0364238410596026,-0.009933774834437,1510,0.0019974721421654,0.0671332295752836,-0.6036468050373134,-0.0119999647140502,0.0030000209808349,13.949999809265137,-0.0939999818801879,-0.000724,0.002169,-0.000145,-0.000869,3006.73,-0.004144,0.000343,,,,0.7581039788547811,0.3676662465931367,3.749999999999587,0.7923953509780869,0,0.0,0.00876432630261,0.0139651353173456,0.0035635172878744,10383,0.0
2019-10-30,rate_cut,2.0,1.75,-0.25,0.0,-0.25,Powell,normalization,0.0122199592668024,0.0353021045485403,-0.0108621860149355,1473,-0.3022860563304665,-0.139934302967468,1.2188637715869155,-0.1069999933242797,-0.0970000028610229,12.329999923706056,0.2029999494552612,0.00278,-0.000574,-0.00348,-0.0007,3046.77,-0.0012,0.003253,,,,0.0341944965443905,0.4076494177871365,-1.249999999998197,0.3147074722686859,0,0.0,0.0113181335294598,0.0201029664133366,0.002533300645583,12237,0.0
2019-12-11,unchanged,1.75,1.75,0.0,0.0,0.0,Powell,normalization,0.0125260960334029,0.0368823938761308,-0.0118302018093249,1437,0.8575225775086268,0.7311086628855461,-0.183753450205922,0.1069999933242797,0.0099999904632568,14.989999771118164,0.2699999809265136,0.00274,-0.000696,0.007859,0.0105989999999999,3141.63,0.002606,0.002908,,,,0.1682038524240593,-0.0563025089844889,0.0,0.0501686359509582,0,0.0,0.0162112932604735,0.0240437158469945,0.0083788706739526,8235,0.0
2020-04-29,unchanged,0.25,0.25,0.0,0.0,0.0,Powell,normalization,0.0139664804469273,0.0412011173184357,-0.013268156424581,1432,-0.9212446303987638,-0.2822319106313816,-1.1271617334156117,-0.0049999952316284,0.0,31.229999542236328,0.5369999706745148,0.028865,-0.002298,-0.013076,0.0157889999999999,2939.51,0.04046,0.026584,0.0575857900146842,0.033588060214789,682.0,-0.7480817065418282,0.4465455178281202,-3.250000000000197,-0.0900455738474138,0,0.0,0.0081554460864805,0.0141215106732348,0.0021893814997263,9135,0.0
2020-06-10,unchanged,0.25,0.25,0.0,0.0,0.0,Powell,normalization,0.0146341463414634,0.0425087108013937,-0.0132404181184669,1435,-5.894405927443823,-5.265476367524758,1.0914580423122922,-0.0950000286102294,-0.0120000094175338,27.56999969482422,0.5830000191926956,-0.006659,-0.009508,-0.058203,-0.064862,3190.14,-0.016255,-0.005313,-0.0355057459618208,-0.0228705151646399,681.0,0.1031997204368413,-0.0339042268067826,0.0,0.0365817257500641,0,0.0,0.0142129393785022,0.0268976057055527,0.0015282730514518,9815,0.0
2020-07-29,unchanged,0.25,0.25,0.0,0.0,0.0,Powell,normalization,0.0147563486616334,0.0425531914893617,-0.0130404941660947,1457,-0.3750251937389157,0.4255846926598821,-0.5733274211351421,-0.0379999876022338,-0.005000002682209,24.100000381469727,0.488999992609024,0.013428,-0.006926,-0.003768,0.00966,3258.44,0.013156,0.012428,0.0192761601164483,0.0197125703468297,687.0,0.0824106690513122,-0.1120559720344951,0.4999999999988347,-0.0105796586968616,0,0.0,0.0153688524590163,0.0310792349726775,-0.0003415300546448,8784,-0.0
2020-09-16,unchanged,0.25,0.25,0.0,0.0,0.0,Powell,normalization,0.0338709677419354,0.0709677419354838,-0.0032258064516129,310,-0.8412365876402532,-1.2686289053217388,-1.0305046258060957,-0.0029999613761901,-0.0150000005960464,26.040000915527344,0.5869999751448631,-0.003147,0.005411,-0.007869,-0.011016,3385.49,0.006364,-0.004619,0.0082372104499274,0.0059688852202932,690.0,0.0251507094685666,0.0902615387413189,-0.5357142857154162,0.0786062664319813,0,0.0,0.0160611658456486,0.0302750410509031,0.001847290640394,9744,0.0
2020-11-05,unchanged,0.25,0.25,0.0,0.0,0.0,Powell,normalization,0.0326086956521739,0.0608695652173913,0.0043478260869565,230,-0.0287715187418591,0.0361685870072974,0.257029757595085,0.043999969959259,-0.0020000040531158,27.57999992370605,0.6910000219941139,0.021074,0.019588,-4.5e-05,0.021029,3510.45,0.022564,0.01946,0.0237345171428571,0.0210684025409481,702.0,-0.0282665242632636,0.030584212815469,0.2999999999993008,0.0340165935394163,0,0.0,0.0106533318839004,0.0210892488313947,0.0002174149364061,9199,0.0
2020-12-16,unchanged,0.25,0.25,0.0,0.0,0.0,Powell,normalization,0.0304878048780487,0.0609756097560975,0.0,246,0.5757654753379817,0.8418230939438529,1.6755549806049534,0.0099999904632568,0.0049999952316284,22.5,0.8450000137090683,0.001387,0.013083,0.007947,0.0093339999999999,3701.17,0.000409,0.001773,-0.0020809432132963,-3.4127261550239014e-05,723.0,-0.0048528347232207,0.1721609746731696,-0.5166666666654626,0.1320583124941913,0,0.0,0.0142857142857142,0.0271990018714909,0.0013724266999376,8015,0.0
2021-01-27,unchanged,0.25,0.25,0.0,0.0,0.0,Powell,normalization,0.0302419354838709,0.0604838709677419,0.0,248,0.9760625975629744,0.5015639747579934,-0.3794243540228251,0.0429999828338623,-0.0049999989569187,37.209999084472656,0.9540000595152378,-0.024763,-0.002925,0.009276,-0.015487,3750.77,-0.020591,-0.025678,-0.0271423518267929,-0.0288467784593808,740.0,0.2402917469387056,-0.045170176278456,0.0,0.094085637170398,0,0.0,0.0149217221135029,0.027723418134377,0.0021200260926288,12264,0.0
2021-03-17,unchanged,0.25,0.25,0.0,0.0,0.0,Powell,normalization,0.0302419354838709,0.0604838709677419,0.0,248,-1.4760539319459225,-3.024208644092823,0.3127115005246026,0.0889999866485595,-0.0050000003539025,19.229999542236328,1.6330000320449471,0.00357,-0.004282,-0.017954,-0.014384,3974.12,0.007362,0.002879,0.0033222239789196,0.0039627386617861,760.0,-0.1968856693780474,0.0588019489844097,-1.1071428571451936,-0.071588264117936,0,0.0,0.0195041710727294,0.0337210668546586,0.0052872752908001,8511,0.0
2021-04-28,unchanged,0.25,0.25,0.0,0.0,0.0,Powell,normalization,0.0302419354838709,0.0604838709677419,0.0,248,0.6762806734045721,0.2243218513989361,-0.287614241279841,0.0199999809265136,0.0,17.280000686645508,1.612000004388392,0.000142,-0.000236,0.003534,0.003676,4183.18,0.004216,-0.000846,0.001460765,0.0025875411943914,801.0,-0.052076697219076,0.1068721671096679,-1.000000000001,0.0397065163789812,0,0.0,0.0184662432368854,0.0322277111267936,0.0047047753469771,8502,0.0
2021-06-16,unchanged,0.25,0.25,0.0,0.0,0.0,Powell,normalization,0.0302419354838709,0.0604838709677419,0.0,248,-0.0435715592051826,0.8666146563395377,-4.608763171383436,-0.0579999685287475,0.0,18.14999961853028,1.5410000048577783,-0.004693,-0.002962,-0.001405,-0.006098,4223.7,-0.002602,-0.00539,0.0012003704630788,-0.0022178092540599,800.0,0.4267473529551024,0.3331741329811375,2.142857142859286,0.5591705199835392,0,0.0,0.0181818181818181,0.0308768154922001,0.0054868208714362,9295,0.0
2021-07-28,unchanged,0.25,0.25,0.0,0.0,0.0,Powell,normalization,0.0333333333333333,0.0666666666666666,0.0,270,0.4206152980007458,0.1062123789813269,1.7615977311405948,0.0080000162124633,-0.005000002682209,18.309999465942383,1.216000035405159,0.002969,-0.005939,0.004547,0.007516,4400.64,0.012658,-0.000186,0.0066090471464019,-0.0027369820961207,807.0,-0.0221700341965978,0.1579110484385734,0.4999999999999449,0.1462236401552626,0,0.0,0.0125660082143555,0.0202425190690397,0.0048894973596714,10226,0.0
2021-09-22,unchanged,0.25,0.25,0.0,0.0,0.0,Powell,normalization,0.0303571428571428,0.0642857142857142,-0.0035714285714285,280,1.2134715784494825,1.0431106514105395,-1.6322395900822868,0.0740000009536743,0.0,20.8700008392334,1.3109999652951956,0.009965,0.000856,0.01206,0.022025,4395.64,0.010353,0.00952,0.0097980485074626,0.0107156950156999,805.0,0.1432781973008189,0.128872943782375,0.0,0.187365052644989,0,0.0,0.0159183673469387,0.0249562682215743,0.0068804664723032,8575,0.0
2021-11-03,unchanged,0.25,0.25,0.0,0.0,0.0,Powell,normalization,0.0313390313390313,0.0626780626780626,0.0,351,0.4181942361150472,0.814146919861568,1.6670460887421283,-0.0549999475479126,-0.0100000016391277,15.100000381469728,1.5339999943971634,0.007317,0.002035,0.002951,0.010268,4660.57,0.009461,0.006461,0.0130594596273291,0.0062145152474181,806.0,-0.0480739432656419,0.2152391969291891,0.277777777778364,0.172574362579649,0,0.0,0.0183814458425857,0.0262768319763138,0.0104860597088576,8106,0.0
2021-12-15,unchanged,0.25,0.25,0.0,0.0,0.0,Powell,normalization,0.0193189259986902,0.0510805500982318,-0.0124426981008513,1527,-0.8743415379980434,-2.474372228287649,1.928968595877658,-0.0410000085830688,-0.0100000016391277,19.290000915527344,1.4180000573396685,0.015057,-0.007689,-0.010042,0.0050149999999999,4709.85,0.009288,0.016348,0.0067071150990099,0.0082891333264686,810.0,-0.0445076271447551,0.9625922180326608,0.0,0.7626597624998797,0,0.0,0.0223277650398515,0.0345015831422644,0.0101539469374385,9159,0.0
2022-01-26,unchanged,0.25,0.25,0.0,0.0,0.0,Powell,normalization,0.0338164251207729,0.0628019323671497,0.0048309178743961,207,-0.5384088757710618,-1.3981551050466028,-2.000107934730308,-0.0410000085830688,0.0069999992847442,31.959999084472656,1.670000046491623,-0.003579,-0.01244,-0.008106,-0.011685,4349.93,-0.008831,-0.001497,-0.0075800332512315,-0.001358418132545,814.0,-0.047344356336775,0.0459382069011117,-0.5000000000010552,0.011675658096734,0,0.0,0.0188550140652322,0.0302592564433969,0.0074507716870675,13153,0.0
2022-03-16,rate_hike,0.25,0.5,0.25,0.0,0.25,Powell,normalization,0.0128771155261221,0.036055923473142,-0.0103016924208977,1359,1.2347817571452089,1.3264600759922922,1.7872104604789043,0.0039999485015869,-0.0729999840259552,26.670000076293945,1.754999965429306,0.025417,0.019118,0.013941,0.039358,4357.86,0.031026,0.022384,0.0230825589680589,0.0258775627683753,816.0,-0.6715920987663702,3.389442696749643,-2.0666666666664395,2.3333573577156823,0,0.0,0.0168272089427993,0.0187893923177547,0.0148650255678439,8409,0.0
2022-05-04,rate_hike,0.5,1.0,0.5,0.0,0.5,Powell,normalization,0.0133285302593659,0.0331412103746397,-0.0064841498559077,1388,-3.5649708609806936,-4.991723044645092,0.3749330476700589,0.1489999294281005,-0.0300000309944152,25.420000076293945,2.084000051021576,0.027983,0.005109,-0.036281,-0.008298,4300.17,0.017719,0.029862,0.0195310024630541,0.0286849193965515,813.0,-0.5410110853987461,-0.2720457515255421,-1.7222222222220325,-0.5187621343815904,0,0.0,0.0225071970688301,0.0263020151792724,0.0187123789583878,7642,0.0
2022-06-15,rate_hike,1.0,1.75,0.75,0.0,0.75,Powell,normalization,0.0112481857764876,0.0304789550072568,-0.0079825834542815,1378,-3.251195148816343,-4.081851000349302,1.6746489024431412,-0.0880000591278076,-0.2120000123977661,29.6200008392334,1.6999999284744265,0.014988,-0.003455,-0.034246,-0.0192579999999999,3789.99,0.014309,0.014593,0.0115749243176178,0.0109074677923412,807.0,1.030814607585533,1.295952354023171,3.5000000000007248,1.6545473988673791,0,0.0,0.0160753170231843,0.0129371077238375,0.019213526322531,7807,0.0
2022-07-27,rate_hike,1.75,2.5,0.75,0.0,0.75,Powell,normalization,0.0113550340651021,0.0310370931112793,-0.0083270249810749,1321,1.213333869718089,1.0818266210801903,1.814907433266252,-0.0529999732971191,-0.0749998092651367,23.239999771118164,0.3510000705718994,0.025315,-0.01184,0.012436,0.037751,4023.61,0.01808,0.026156,0.0176960149812734,0.0131349728964998,802.0,-0.3930679039132265,0.4342451309906647,-1.4999999999998348,0.1260639933549696,0,0.0,0.015947242206235,0.0106714628297362,0.0212230215827338,8340,0.0
