date,vwretd,vwretx,ewretd,ewretx,sprtrn,spindx,totval,totcnt
1990-01-31,-0.070114,-0.071947,-0.046408,-0.048037,-0.068817,329.08,3051636650.00,6803
1990-02-28,0.014900,0.010957,0.015434,0.013844,0.008539,331.89,3087818130.00,6795
1990-03-30,0.024148,0.021626,0.021315,0.019445,0.024255,339.94,3165283840.00,6800
1990-04-30,-0.028283,-0.030562,-0.028117,-0.029637,-0.026887,330.80,3070976920.00,6807
1990-05-31,0.088935,0.084648,0.045673,0.043835,0.091989,361.23,3330491030.00,6810
1990-06-29,-0.004193,-0.006736,0.005359,0.003616,-0.008886,358.02,3308344150.00,6797
1990-07-31,-0.009392,-0.011593,-0.025731,-0.027244,-0.005223,356.15,3271642060.00,6798
1990-08-31,-0.091903,-0.095716,-0.108920,-0.110706,-0.094314,322.56,2951948160.00,6784
1990-09-28,-0.053844,-0.056110,-0.080468,-0.082295,-0.051184,306.05,2783225260.00,6760
1990-10-31,-0.012499,-0.015049,-0.057155,-0.058745,-0.006698,304.00,2739330830.00,6740
1990-11-30,0.065742,0.061414,0.035468,0.033422,0.059934,322.22,2905485660.00,6716
1990-12-31,0.029511,0.026274,-0.004526,-0.007286,0.024828,330.22,2979693820.00,6705
1991-01-31,0.049083,0.046987,0.084175,0.082980,0.041518,343.93,3115197450.00,6675
1991-02-28,0.075848,0.071836,0.133898,0.132109,0.067281,367.07,3339106370.00,6662
1991-03-28,0.028922,0.026702,0.078293,0.076343,0.022203,375.22,3444735650.00,6660
1991-04-30,0.003311,0.001186,0.031957,0.030546,0.000346,375.35,3452264390.00,6639
1991-05-31,0.040737,0.037177,0.031368,0.029679,0.038577,389.83,3587705290.00,6655
1991-06-28,-0.044024,-0.046271,-0.031774,-0.033414,-0.047893,371.16,3448357820.00,6688
1991-07-31,0.046779,0.044984,0.034180,0.032928,0.044859,387.81,3610102520.00,6692
1991-08-30,0.026807,0.023275,0.027503,0.025961,0.019649,395.43,3698731620.00,6711
1991-09-30,-0.010979,-0.013078,0.008131,0.006653,-0.019144,387.86,3675768000.00,6734
1991-10-31,0.017847,0.016248,0.024656,0.023469,0.011860,392.46,3743886820.00,6764
1991-11-29,-0.037291,-0.040572,-0.023735,-0.025196,-0.043928,375.22,3598931380.00,6795
1991-12-31,0.106782,0.104147,0.035353,0.033415,0.111588,417.09,3998499680.00,6804
1992-01-31,-0.001164,-0.002591,0.149970,0.148971,-0.019900,408.79,3988867300.00,6815
1992-02-28,0.013355,0.010308,0.052124,0.050807,0.009565,412.70,4035709580.00,6836
1992-03-31,-0.023699,-0.025970,-0.014169,-0.015697,-0.021832,403.69,3976774290.00,6888
1992-04-30,0.013414,0.011872,-0.033262,-0.034313,0.027893,414.95,4019396190.00,6895
1992-05-29,0.006407,0.003302,0.005678,0.004201,0.000964,415.35,4032636530.00,6890
1992-06-30,-0.019258,-0.021665,-0.039225,-0.040764,-0.017359,408.14,3979600440.00,6888
1992-07-31,0.039900,0.038369,0.027617,0.026541,0.039374,424.21,4134059610.00,6853
1992-08-31,-0.020819,-0.023970,-0.023900,-0.025211,-0.023998,414.03,4038127250.00,6847
1992-09-30,0.012461,0.010286,0.011050,0.009658,0.009106,417.80,4094397290.00,6857
1992-10-30,0.010983,0.009546,0.016229,0.015221,0.002106,418.68,4138864660.00,6883
1992-11-30,0.040181,0.036954,0.066683,0.065261,0.030262,431.35,4297797860.00,6911
1992-12-31,0.017740,0.015533,0.035676,0.033877,0.010108,435.71,4398072120.00,6963
1993-01-29,0.012616,0.011300,0.067620,0.066832,0.007046,438.78,4453093540.00,6972
1993-02-26,0.005425,0.002664,-0.007198,-0.008448,0.010484,443.38,4476976470.00,7018
1993-03-31,0.025089,0.022659,0.031462,0.029964,0.018697,451.67,4613854550.00,7075
1993-04-30,-0.025391,-0.026714,-0.011112,-0.012115,-0.025417,440.19,4501739980.00,7120
1993-05-28,0.029572,0.026539,0.038752,0.037422,0.022718,450.19,4632508620.00,7190
1993-06-30,0.005434,0.003218,0.013419,0.011928,0.000755,450.53,4704253110.00,7272
1993-07-30,-0.000806,-0.002154,0.013717,0.012790,-0.005327,448.13,4702389240.00,7326
1993-08-31,0.039496,0.036565,0.039705,0.038389,0.034432,463.56,4886912910.00,7389
1993-09-30,0.000629,-0.001353,0.025533,0.024219,-0.009988,458.93,4912844620.00,7463
1993-10-29,0.018051,0.016730,0.040511,0.039527,0.019393,467.83,5003908580.00,7539
1993-11-30,-0.017601,-0.020476,-0.024478,-0.025779,-0.012911,461.79,4920046860.00,7646
1993-12-31,0.019554,0.017529,0.016200,0.014401,0.010091,466.45,5057719780.00,7757
1994-01-31,0.031459,0.030070,0.049137,0.048258,0.032501,481.61,5219559100.00,7801
1994-02-28,-0.024207,-0.026760,-0.010005,-0.011173,-0.030045,467.14,5098248280.00,7858
1994-03-31,-0.045795,-0.047882,-0.045992,-0.047479,-0.045747,445.77,4876969200.00,7939
1994-04-29,0.009494,0.008044,-0.011743,-0.012842,0.011531,450.91,4918538330.00,7973
1994-05-31,0.009352,0.006361,-0.000866,-0.002322,0.012419,456.51,4964878860.00,8032
1994-06-30,-0.027880,-0.030055,-0.028182,-0.029647,-0.026812,444.27,4839338100.00,8086
1994-07-29,0.030657,0.029283,0.015770,0.014747,0.031467,458.25,4986536410.00,8115
1994-08-31,0.042629,0.039725,0.036756,0.035159,0.037643,475.50,5182784540.00,8133
1994-09-30,-0.018338,-0.020352,0.004862,0.003459,-0.026898,462.71,5091283690.00,8139
1994-10-31,0.014521,0.013000,-0.003304,-0.004354,0.020834,472.35,5149758850.00,8172
1994-11-30,-0.037206,-0.039981,-0.040742,-0.042147,-0.039505,453.69,4944594210.00,8197
1994-12-30,0.012580,0.010141,-0.013423,-0.015567,0.012299,459.27,5003075170.00,8199
1995-01-31,0.020353,0.018753,0.027865,0.026755,0.024278,470.42,5094192990.00,8180
1995-02-28,0.039647,0.037074,0.028368,0.027073,0.036074,487.39,5285258360.00,8187
1995-03-31,0.027064,0.024887,0.019515,0.017763,0.027329,500.71,5432944200.00,8188
1995-04-28,0.025048,0.023597,0.026975,0.025840,0.027960,514.71,5561653370.00,8211
1995-05-31,0.033909,0.031129,0.020271,0.018815,0.036312,533.40,5737031410.00,8215
1995-06-30,0.031142,0.029213,0.049907,0.048386,0.021279,544.75,5925503750.00,8244
1995-07-31,0.040801,0.038953,0.054701,0.053564,0.031776,562.06,6152689690.00,8264
1995-08-31,0.009300,0.006798,0.032033,0.030677,-0.000320,561.88,6211870190.00,8302
1995-09-29,0.036354,0.034641,0.026404,0.025026,0.040098,584.41,6449190100.00,8320
1995-10-31,-0.011339,-0.012670,-0.041472,-0.042533,-0.004979,581.50,6390582960.00,8364
1995-11-30,0.042771,0.040301,0.016652,0.015189,0.041049,605.37,6673208890.00,8402
1995-12-29,0.015192,0.013354,0.008913,0.006905,0.017444,615.93,6787565600.00,8472
1996-01-31,0.028121,0.026805,0.034647,0.033747,0.032617,636.02,6968381330.00,8457
1996-02-29,0.016353,0.014231,0.032308,0.031143,0.006934,640.43,7075712500.00,8485
1996-03-29,0.010914,0.009211,0.024088,0.022577,0.007917,645.50,7173767370.00,8569
1996-04-30,0.025560,0.024316,0.058054,0.057001,0.013432,654.17,7383923170.00,8623
1996-05-31,0.026810,0.024551,0.062644,0.061229,0.022853,669.12,7606768280.00,8705
1996-06-28,-0.008290,-0.009820,-0.032182,-0.033582,0.002257,670.63,7572826440.00,8783
1996-07-31,-0.053852,-0.055286,-0.079605,-0.080541,-0.045748,639.95,7154150730.00,8818
1996-08-30,0.032445,0.030375,0.045568,0.044277,0.018814,651.99,7393987520.00,8863
1996-09-30,0.052985,0.051279,0.028749,0.027406,0.054173,687.31,7790917040.00,8888
1996-10-31,0.013671,0.012300,-0.020881,-0.021978,0.026131,705.27,7883935010.00,8960
1996-11-29,0.065593,0.063621,0.024692,0.023414,0.073376,757.02,8399969110.00,9030
1996-12-31,-0.011380,-0.013070,-0.002619,-0.004359,-0.021505,740.74,8308315630.00,9054
1997-01-31,0.053473,0.052358,0.063834,0.063007,0.061317,786.16,8735349150.00,9046
1997-02-28,-0.001067,-0.002802,-0.010300,-0.011417,0.005928,790.82,8718734980.00,9061
1997-03-31,-0.044889,-0.046515,-0.049226,-0.050476,-0.042614,757.12,8331998030.00,9056
1997-04-30,0.042396,0.041181,-0.021596,-0.022564,0.058406,801.34,8668123870.00,9062
1997-05-30,0.071640,0.069787,0.085195,0.083982,0.058577,848.28,9280569900.00,9078
1997-06-30,0.044081,0.042690,0.043145,0.041846,0.043453,885.14,9672611030.00,9079
1997-07-31,0.076513,0.075201,0.048824,0.047882,0.078123,954.29,10414082600.00,9089
1997-08-29,-0.036323,-0.037678,0.027608,0.026587,-0.057446,899.47,10031915200.00,9075
1997-09-30,0.058453,0.057049,0.081744,0.080515,0.053154,947.28,10647137300.00,9068
1997-10-31,-0.034433,-0.035502,-0.026151,-0.027017,-0.034478,914.62,10275497100.00,9108
1997-11-28,0.030354,0.028841,-0.022064,-0.023114,0.044587,955.40,10589901200.00,9149
1997-12-31,0.017822,0.016307,-0.023876,-0.025553,0.015732,970.43,10797480400.00,9113
1998-01-30,0.004511,0.003633,0.015367,0.014571,0.010150,980.28,10835974100.00,9090
1998-02-27,0.073321,0.071816,0.060460,0.059475,0.070449,1049.34,11613043100.00,9082
1998-03-31,0.051273,0.050016,0.046884,0.045695,0.049946,1101.75,12274379100.00,9053
1998-04-30,0.010924,0.009923,0.023244,0.022231,0.009076,1111.75,12408129300.00,9048
1998-05-29,-0.025746,-0.027038,-0.042571,-0.043590,-0.018826,1090.82,12113303600.00,9052
1998-06-30,0.031839,0.030620,-0.029150,-0.030414,0.039438,1133.84,12566424500.00,9035
1998-07-31,-0.023377,-0.024353,-0.050547,-0.051324,-0.011615,1120.67,12282690700.00,9017
1998-08-31,-0.157860,-0.159168,-0.196405,-0.197447,-0.145797,957.28,10331283400.00,8964
1998-09-30,0.063814,0.062296,0.043246,0.041856,0.062396,1017.01,10991051600.00,8893
1998-10-30,0.074406,0.073388,0.037821,0.036958,0.080294,1098.67,11789187100.00,8788
1998-11-30,0.062001,0.060593,0.075913,0.074828,0.059126,1163.63,12533926700.00,8757
1998-12-31,0.063058,0.061730,0.018853,0.017250,0.056375,1229.23,13299690900.00,8710
1999-01-29,0.038447,0.037646,0.064862,0.064053,0.041009,1279.64,13752730000.00,8656
1999-02-26,-0.038083,-0.039268,-0.042172,-0.043266,-0.032283,1238.33,13246065100.00,8619
1999-03-31,0.037926,0.036652,-0.001370,-0.002957,0.038794,1286.37,13756388100.00,8541
1999-04-30,0.049092,0.048271,0.083902,0.082850,0.037944,1335.18,14477596400.00,8503
1999-05-28,-0.020708,-0.022384,0.025137,0.023668,-0.024970,1301.84,14223575600.00,8487
1999-06-30,0.050824,0.049725,0.038402,0.036841,0.054438,1372.71,14905813000.00,8474
1999-07-30,-0.030834,-0.031710,0.007275,0.006299,-0.032046,1328.72,14475119200.00,8462
1999-08-31,-0.009918,-0.011065,-0.030613,-0.031797,-0.006254,1320.41,14344211900.00,8434
1999-09-30,-0.022669,-0.023872,-0.014230,-0.015637,-0.028552,1282.71,14060520700.00,8408
1999-10-29,0.062107,0.061318,-0.001401,-0.002457,0.062540,1362.93,15001763900.00,8414
1999-11-30,0.036822,0.035616,0.091441,0.090005,0.019062,1388.91,15657011900.00,8392
1999-12-31,0.083745,0.082631,0.084839,0.082824,0.057844,1469.25,17021360300.00,8361
2000-01-31,-0.039622,-0.040263,0.050642,0.049740,-0.050904,1394.46,16340205000.00,8323
2000-02-29,0.031760,0.030657,0.120494,0.119241,-0.020108,1366.42,17004680400.00,8327
2000-03-31,0.053499,0.052515,-0.000422,-0.002069,0.096720,1498.58,18167521500.00,8309
2000-04-28,-0.059519,-0.060310,-0.088513,-0.089699,-0.030796,1452.43,17157422400.00,8326
2000-05-31,-0.038863,-0.040020,-0.057338,-0.058916,-0.021915,1420.60,16506658600.00,8331
2000-06-30,0.051576,0.050779,0.079304,0.077750,0.023934,1454.60,17407069100.00,8328
2000-07-31,-0.017679,-0.018399,-0.019303,-0.020552,-0.016341,1430.83,17110321900.00,8342
2000-08-31,0.074984,0.073803,0.059300,0.057971,0.060699,1517.68,18440721600.00,8362
2000-09-29,-0.051154,-0.051895,-0.040045,-0.041355,-0.053483,1436.51,17569497100.00,8343
2000-10-31,-0.024480,-0.025155,-0.066833,-0.067922,-0.004950,1429.40,17122488000.00,8286
2000-11-30,-0.102365,-0.103574,-0.118569,-0.119894,-0.080069,1314.95,15331761300.00,8216
2000-12-29,0.020450,0.019455,-0.007054,-0.008997,0.004053,1320.28,15626925600.00,8133
2001-01-31,0.039573,0.038787,0.225038,0.224084,0.034637,1366.01,16249974500.00,8049
2001-02-28,-0.099084,-0.100183,-0.074487,-0.075596,-0.092291,1239.94,14624646800.00,8000
2001-03-30,-0.070408,-0.071364,-0.072662,-0.074178,-0.064205,1160.33,13603371700.00,7947
2001-04-30,0.083834,0.082830,0.076441,0.075266,0.076814,1249.46,14744528100.00,7854
2001-05-31,0.010442,0.009064,0.062197,0.060764,0.005090,1255.82,14877913400.00,7778
2001-06-29,-0.017561,-0.018336,0.007725,0.006433,-0.025004,1224.42,14638481100.00,7722
2001-07-31,-0.018284,-0.019250,-0.028403,-0.029681,-0.010772,1211.23,14377537500.00,7676
2001-08-31,-0.058980,-0.060355,-0.035013,-0.036303,-0.064108,1133.58,13530300600.00,7586
2001-09-28,-0.091497,-0.092630,-0.127787,-0.129051,-0.081723,1040.94,12279391700.00,7552
2001-10-31,0.027847,0.026829,0.078125,0.077080,0.018099,1059.78,12630626600.00,7530
2001-11-30,0.078789,0.077353,0.080799,0.079633,0.075176,1139.45,13606819100.00,7471
2001-12-31,0.017854,0.016573,0.057720,0.055952,0.007574,1148.08,13848178200.00,7437
2002-01-31,-0.015966,-0.016921,0.018192,0.017193,-0.015574,1130.20,13623211900.00,7389
2002-02-28,-0.021700,-0.023066,-0.033065,-0.034169,-0.020766,1106.73,13319767600.00,7349
2002-03-28,0.044698,0.043730,0.074650,0.073228,0.036739,1147.39,13941476700.00,7322
2002-04-30,-0.049600,-0.050504,-0.003165,-0.004319,-0.061418,1076.92,13268193800.00,7266
2002-05-31,-0.010510,-0.011958,-0.015507,-0.016973,-0.009081,1067.14,13220221100.00,7237
2002-06-28,-0.070259,-0.071515,-0.067317,-0.068724,-0.072465,989.81,12329875500.00,7214
2002-07-31,-0.081125,-0.082310,-0.107497,-0.108516,-0.078995,911.62,11336304200.00,7187
2002-08-30,0.007949,0.006405,0.006337,0.005059,0.004881,916.07,11398403100.00,7126
2002-09-30,-0.099923,-0.101387,-0.084490,-0.085871,-0.110013,815.29,10241738600.00,7096
2002-10-31,0.074940,0.073522,0.042773,0.041581,0.086436,885.76,11003231400.00,7056
2002-11-29,0.061282,0.059612,0.117775,0.116389,0.057070,936.31,11659670600.00,7056
2002-12-31,-0.053334,-0.054977,-0.040159,-0.042056,-0.060333,879.82,11029741700.00,7020
2003-01-31,-0.023367,-0.024576,0.006068,0.004703,-0.027415,855.70,10757369900.00,6974
2003-02-28,-0.015417,-0.017243,-0.021448,-0.022694,-0.017004,841.15,10568696100.00,6937
2003-03-31,0.010321,0.008901,0.009434,0.007553,0.008358,848.18,10672373100.00,6870
2003-04-30,0.082768,0.081180,0.098231,0.096693,0.081044,916.92,11542163800.00,6834
2003-05-30,0.063471,0.061778,0.133178,0.131671,0.050899,963.59,12251384900.00,6795
2003-06-30,0.016346,0.014797,0.049745,0.048073,0.011322,974.50,12448794300.00,6774
2003-07-31,0.023112,0.021764,0.061927,0.060521,0.016224,990.31,12723890200.00,6742
2003-08-29,0.024965,0.023486,0.047429,0.045976,0.017873,1008.01,13039377600.00,6715
2003-09-30,-0.009120,-0.010607,0.025239,0.023649,-0.011944,995.97,12959560300.00,6709
2003-10-31,0.060361,0.058882,0.080954,0.079414,0.054962,1050.71,13736339700.00,6703
2003-11-28,0.016594,0.015052,0.038147,0.036667,0.007129,1058.20,13967732700.00,6688
2003-12-31,0.045476,0.043820,0.038909,0.036919,0.050766,1111.92,14581819400.00,6690
2004-01-30,0.023042,0.022019,0.065763,0.064746,0.017276,1131.13,14913081600.00,6693
2004-02-27,0.015443,0.013958,0.013720,0.012522,0.012209,1144.94,15166342000.00,6697
2004-03-31,-0.010662,-0.011985,0.006293,0.004664,-0.016359,1126.21,15037206200.00,6705
2004-04-30,-0.024222,-0.025568,-0.043590,-0.044794,-0.016791,1107.30,14677486500.00,6691
2004-05-28,0.014068,0.012384,0.002593,0.000918,0.012084,1120.68,14886272900.00,6691
2004-06-30,0.021611,0.020049,0.022731,0.021000,0.017989,1140.84,15187691900.00,6693
2004-07-30,-0.037698,-0.038792,-0.051091,-0.052318,-0.034291,1101.72,14611313300.00,6696
2004-08-31,0.002703,0.001058,-0.004740,-0.006206,0.002287,1104.24,14639197500.00,6691
2004-09-30,0.020556,0.019099,0.041601,0.040010,0.009364,1114.58,14920472000.00,6706
2004-10-29,0.017806,0.016579,0.020845,0.019635,0.014014,1130.20,15142568300.00,6720
2004-11-30,0.048214,0.044320,0.079935,0.078356,0.038595,1173.82,15892686600.00,6718
2004-12-31,0.035170,0.033414,0.052928,0.050633,0.032458,1211.92,16455382200.00,6732
2005-01-31,-0.026546,-0.027400,-0.029282,-0.030146,-0.025290,1181.27,16003221100.00,6719
2005-02-28,0.022646,0.020810,0.016643,0.015381,0.018903,1203.60,16348814000.00,6729
2005-03-31,-0.016944,-0.018578,-0.031842,-0.033588,-0.019118,1180.59,16073148100.00,6732
2005-04-29,-0.025206,-0.026590,-0.046512,-0.047919,-0.020109,1156.85,15652628600.00,6723
2005-05-31,0.037954,0.036151,0.043820,0.042220,0.029952,1191.50,16208529900.00,6723
2005-06-30,0.011529,0.009905,0.032139,0.030197,-0.000143,1191.33,16379346500.00,6752
2005-07-29,0.043358,0.042251,0.058751,0.057705,0.035968,1234.18,17064941900.00,6749
2005-08-31,-0.005958,-0.007776,-0.007216,-0.008587,-0.011222,1220.33,16915944500.00,6746
2005-09-30,0.010600,0.009332,0.010533,0.009016,0.006949,1228.81,17079651100.00,6744
2005-10-31,-0.020866,-0.021974,-0.033876,-0.035031,-0.017741,1207.01,16699605400.00,6739
2005-11-30,0.040326,0.038073,0.034319,0.032775,0.035186,1249.48,17357113700.00,6746
2005-12-30,0.003458,0.001884,0.013486,0.011157,-0.000952,1248.29,17375549600.00,6748
2006-01-31,0.040072,0.038966,0.076354,0.075150,0.025467,1280.08,17999559800.00,6723
2006-02-28,-0.001639,-0.003552,0.004836,0.003476,0.000453,1280.66,17988632900.00,6720
2006-03-31,0.019065,0.017598,0.036978,0.035232,0.011065,1294.83,18309607100.00,6733
2006-04-28,0.013000,0.011530,0.009791,0.008497,0.012187,1310.61,18447495800.00,6731
2006-05-31,-0.031032,-0.033011,-0.044331,-0.045982,-0.030917,1270.09,17856804400.00,6741
2006-06-30,-0.000391,-0.001887,-0.008479,-0.010474,0.000087,1270.20,17830180800.00,6795
2006-07-31,-0.001912,-0.002955,-0.022698,-0.023752,0.005086,1276.66,17766489300.00,6786
2006-08-31,0.025042,0.022968,0.025011,0.023562,0.021274,1303.82,18104286800.00,6787
2006-09-29,0.019425,0.018110,0.009002,0.007433,0.024566,1335.85,18424728400.00,6813
2006-10-31,0.037153,0.036107,0.046186,0.045160,0.031508,1377.94,19076842400.00,6831
2006-11-30,0.023737,0.021374,0.031168,0.029505,0.016467,1400.63,19461563000.00,6843
2006-12-29,0.010857,0.009154,0.014799,0.012584,0.012616,1418.30,19619322200.00,6852
2007-01-31,0.019387,0.018452,0.022283,0.021357,0.014059,1438.24,19944053500.00,6851
2007-02-28,-0.014006,-0.015996,0.002111,0.000857,-0.021846,1406.82,19605264100.00,6891
2007-03-30,0.012954,0.011479,0.006545,0.004805,0.009980,1420.86,19860575400.00,6915
2007-04-30,0.039834,0.038470,0.027048,0.025772,0.043291,1482.37,20591732800.00,6918
2007-05-31,0.038953,0.036666,0.023123,0.021362,0.032549,1530.62,21313415700.00,6957
2007-06-29,-0.014747,-0.016110,-0.007907,-0.009857,-0.017816,1503.35,20948255300.00,6960
2007-07-31,-0.031790,-0.032792,-0.043537,-0.044642,-0.031982,1455.27,20203332300.00,6963
2007-08-31,0.011593,0.009641,-0.011712,-0.013288,0.012864,1473.99,20380196000.00,6961
2007-09-28,0.040822,0.039306,0.025364,0.023661,0.035794,1526.75,21127714800.00,6950
2007-10-31,0.025910,0.024770,0.017406,0.016144,0.014822,1549.38,21531420000.00,6968
2007-11-30,-0.049362,-0.051309,-0.076621,-0.078123,-0.044043,1481.14,20313135400.00,6987
2007-12-31,-0.004405,-0.006493,-0.011018,-0.014312,-0.008628,1468.36,20221929400.00,7002
2008-01-31,-0.062218,-0.063321,-0.045066,-0.046160,-0.061164,1378.55,18903060500.00,7003
2008-02-29,-0.021697,-0.023636,-0.021401,-0.022916,-0.034761,1330.63,18381043000.00,6983
2008-03-31,-0.010444,-0.012186,-0.025309,-0.027567,-0.005960,1322.70,18186717200.00,6958
2008-04-30,0.051199,0.049876,0.031907,0.030490,0.047547,1385.59,19069937900.00,6953
2008-05-30,0.023935,0.021621,0.031787,0.029774,0.010674,1400.38,19466784200.00,6953
2008-06-30,-0.078436,-0.080249,-0.086592,-0.088706,-0.085962,1280.00,17930444800.00,6955
2008-07-31,-0.013413,-0.014759,-0.001295,-0.002657,-0.009859,1267.38,17667658700.00,6939
2008-08-29,0.010597,0.008608,0.013023,0.011122,0.012191,1282.83,17817627900.00,6916
2008-09-30,-0.098172,-0.099959,-0.120112,-0.122208,-0.090792,1166.36,16077006900.00,6879
2008-10-31,-0.184833,-0.186319,-0.205222,-0.206835,-0.169425,968.75,13038974400.00,6835
2008-11-28,-0.084681,-0.087420,-0.130321,-0.132591,-0.074849,896.24,11872551200.00,6828
2008-12-31,0.022232,0.019166,0.042176,0.037025,0.007822,903.25,12141691400.00,6789
2009-01-30,-0.077471,-0.078863,-0.024042,-0.025384,-0.085657,825.88,11173591700.00,6757
2009-02-27,-0.100166,-0.103353,-0.107606,-0.109708,-0.109931,735.09,9985857770.00,6710
2009-03-31,0.086803,0.083548,0.107474,0.104391,0.085405,797.87,10734182800.00,6665
2009-04-30,0.109466,0.107632,0.192762,0.190929,0.093925,872.81,11900168200.00,6635
2009-05-29,0.067787,0.065137,0.102329,0.100210,0.053081,919.14,12747112200.00,6598
2009-06-30,-0.003019,-0.004962,0.023921,0.021352,0.000196,919.32,12746070400.00,6575
2009-07-31,0.081779,0.080360,0.085217,0.083763,0.074142,987.48,13798187500.00,6563
2009-08-31,0.031510,0.029351,0.056864,0.055310,0.033560,1020.62,14273510400.00,6544
2009-09-30,0.045281,0.043643,0.071255,0.069383,0.035723,1057.08,14998826000.00,6551
2009-10-30,-0.028072,-0.029326,-0.050612,-0.051739,-0.019762,1036.19,14537672900.00,6550
2009-11-30,0.057075,0.054619,0.028476,0.026485,0.057364,1095.63,15347895900.00,6561
2009-12-31,0.028475,0.026449,0.055001,0.051972,0.017771,1115.10,15825927000.00,6558
2010-01-29,-0.037172,-0.038184,-0.011388,-0.012292,-0.036974,1073.87,15216588000.00,6566
2010-02-26,0.034744,0.032657,0.033603,0.032232,0.028514,1104.49,15717328300.00,6564
2010-03-31,0.063668,0.061985,0.069289,0.067252,0.058796,1169.43,16761940300.00,6557
2010-04-30,0.020036,0.018924,0.057844,0.056698,0.014759,1186.69,17099184300.00,6582
2010-05-28,-0.079240,-0.081328,-0.076929,-0.078435,-0.081976,1089.41,15725380100.00,6574
2010-06-30,-0.050780,-0.052520,-0.056799,-0.058868,-0.053882,1030.71,14872527600.00,6588
2010-07-30,0.070360,0.068664,0.059940,0.058682,0.068778,1101.60,15884757300.00,6588
2010-08-31,-0.042863,-0.044989,-0.047566,-0.049083,-0.047449,1049.33,15161037200.00,6586
2010-09-30,0.091628,0.089747,0.096402,0.094485,0.087551,1141.20,16540780700.00,6596
2010-10-29,0.038591,0.037071,0.040681,0.039488,0.036856,1183.26,17187976900.00,6592
2010-11-30,0.005117,0.002917,0.010736,0.008972,-0.002290,1180.55,17360347300.00,6600
2010-12-31,0.067182,0.064850,0.068851,0.065469,0.065300,1257.64,18516131100.00,6596
2011-01-31,0.019183,0.018231,0.014412,0.013611,0.022646,1286.12,18936990300.00,6614
2011-02-28,0.038156,0.036223,0.037036,0.035725,0.031957,1327.22,19627887100.00,6631
2011-03-31,0.003341,0.001758,0.008605,0.006786,-0.001047,1325.83,19703177200.00,6638
2011-04-29,0.028597,0.027483,0.019203,0.018109,0.028495,1363.61,20223616500.00,6647
2011-05-31,-0.014948,-0.016956,-0.018550,-0.020191,-0.013501,1345.20,19876868000.00,6688
2011-06-30,-0.018447,-0.020211,-0.024106,-0.026251,-0.018258,1320.64,19459901400.00,6693
2011-07-29,-0.022534,-0.023674,-0.021813,-0.022838,-0.021474,1292.28,19002295500.00,6690
2011-08-31,-0.057564,-0.059704,-0.075715,-0.077329,-0.056791,1218.89,17839871200.00,6702
2011-09-30,-0.084983,-0.086673,-0.100920,-0.102888,-0.071762,1131.42,16265793700.00,6714
2011-10-31,0.114146,0.112735,0.107697,0.106575,0.107723,1253.30,18075176700.00,6707
2011-11-30,-0.006270,-0.008937,-0.020645,-0.022480,-0.005059,1246.96,17875052100.00,6708
2011-12-30,0.003676,0.001428,-0.003561,-0.007020,0.008533,1257.60,17904716200.00,6685
2012-01-31,0.054106,0.052960,0.085342,0.084432,0.043583,1312.41,18873658900.00,6683
2012-02-29,0.041225,0.038953,0.036494,0.035003,0.040589,1365.68,19602648200.00,6711
2012-03-30,0.024020,0.022138,0.017608,0.015303,0.031332,1408.47,20077674300.00,6727
2012-04-30,-0.006829,-0.008046,-0.009106,-0.010235,-0.007498,1397.91,19935941600.00,6733
2012-05-31,-0.065590,-0.068005,-0.068418,-0.070388,-0.062651,1310.33,18585457900.00,6739
2012-06-29,0.038151,0.036049,0.034188,0.031623,0.039555,1362.16,19262766500.00,6734
2012-07-31,0.010307,0.009055,-0.003281,-0.004485,0.012598,1379.32,19436230800.00,6725
2012-08-31,0.026317,0.023718,0.024819,0.022964,0.019763,1406.58,19872602500.00,6687
2012-09-28,0.026513,0.024564,0.034925,0.032690,0.024236,1440.67,20430417500.00,6673
2012-10-31,-0.014055,-0.015502,-0.013477,-0.014781,-0.019789,1412.16,20117192100.00,6646
2012-11-30,0.006217,0.002977,0.002790,0.000142,0.002847,1416.18,20175039900.00,6642
2012-12-31,0.012569,0.009019,0.021872,0.016406,0.007068,1426.19,20386768400.00,6627
2013-01-31,0.054142,0.052937,0.063509,0.062680,0.050428,1498.11,21513636700.00,6626
2013-02-28,0.008282,0.006079,0.003491,0.002051,0.011061,1514.68,21613964900.00,6621
2013-03-28,0.035295,0.033527,0.031419,0.029529,0.035988,1569.19,22397711900.00,6607
2013-04-30,0.014939,0.013764,0.002477,0.001376,0.018086,1597.57,22722249100.00,6615
2013-05-31,0.019128,0.016568,0.023985,0.022131,0.020763,1630.74,23148554100.00,6639
2013-06-28,-0.015072,-0.017089,-0.013012,-0.015631,-0.014999,1606.28,22739738300.00,6658
2013-07-31,0.052658,0.051223,0.054898,0.053720,0.049462,1685.73,23914952000.00,6673
2013-08-30,-0.025750,-0.027927,-0.017278,-0.019029,-0.031298,1632.97,23255257600.00,6695
2013-09-30,0.037497,0.035699,0.051828,0.049755,0.029750,1681.55,24127569600.00,6719
2013-10-31,0.039889,0.038603,0.025762,0.024591,0.044596,1756.54,25055863500.00,6749
2013-11-29,0.024956,0.022831,0.023398,0.021660,0.028050,1805.81,25661520700.00,6759
2013-12-31,0.026140,0.024082,0.025240,0.022010,0.023563,1848.36,26328806400.00,6765
2014-01-31,-0.030020,-0.031124,-0.001282,-0.002254,-0.035583,1782.59,25528420200.00,6801
2014-02-28,0.046198,0.043963,0.044257,0.042687,0.043117,1859.45,26694950800.00,6810
2014-03-31,0.004540,0.002819,0.001028,-0.001095,0.006932,1872.34,26838814300.00,6838
2014-04-30,0.001573,0.000410,-0.022319,-0.023437,0.006201,1883.95,26921957000.00,6868
2014-05-30,0.020254,0.018045,0.006647,0.004858,0.021030,1923.57,27406278400.00,6900
2014-06-30,0.027973,0.025986,0.039501,0.037053,0.019058,1960.23,28165010700.00,6942
2014-07-31,-0.020555,-0.021849,-0.035223,-0.036411,-0.015080,1930.67,27586823300.00,6975
2014-08-29,0.040205,0.038202,0.033697,0.032156,0.037655,2003.37,28633346700.00,6995
2014-09-30,-0.025196,-0.026893,-0.044988,-0.046891,-0.015514,1972.29,27893175900.00,7000
2014-10-31,0.021164,0.019916,0.014199,0.012956,0.023202,2018.05,28485779200.00,7028
2014-11-28,0.021104,0.018938,-0.002458,-0.004155,0.024534,2067.56,29082336800.00,7051
2014-12-31,-0.003659,-0.005800,-0.000189,-0.003562,-0.004189,2058.90,29009736000.00,7046
2015-01-30,-0.027163,-0.028233,-0.019073,-0.020095,-0.031041,1994.99,28110203600.00,7035
2015-02-27,0.055915,0.053599,0.054120,0.052497,0.054893,2104.50,29599694700.00,7043
2015-03-31,-0.010397,-0.012212,-0.005112,-0.007204,-0.017396,2067.89,29231349700.00,7051
2015-04-30,0.008766,0.007618,0.015127,0.013989,0.008521,2085.51,29466902400.00,7069
2015-05-29,0.010277,0.008115,0.003970,0.002321,0.010491,2107.39,29658765800.00,7094
2015-06-30,-0.019231,-0.021171,-0.013459,-0.015955,-0.021012,2063.11,29053861000.00,7140
2015-07-31,0.012108,0.010895,-0.027130,-0.028373,0.019742,2103.84,29397941500.00,7194
2015-08-31,-0.059926,-0.061993,-0.047295,-0.049309,-0.062581,1972.18,27519743700.00,7197
2015-09-30,-0.033756,-0.035693,-0.049906,-0.052203,-0.026443,1920.03,26517581700.00,7201
2015-10-30,0.073937,0.072542,0.052851,0.051491,0.082983,2079.36,28410069600.00,7199
2015-11-30,0.002404,0.000136,0.007326,0.005428,0.000505,2080.41,28386930100.00,7221
2015-12-31,-0.022209,-0.024447,-0.035860,-0.039425,-0.017530,2043.94,27693609400.00,7206
2016-01-29,-0.057085,-0.058253,-0.074934,-0.076158,-0.050735,1940.24,26038944200.00,7173
2016-02-29,0.000620,-0.001802,0.005564,0.003636,-0.004128,1932.23,25836208600.00,7148
2016-03-31,0.070491,0.068122,0.078181,0.075537,0.065991,2059.74,27564246000.00,7133
2016-04-29,0.011718,0.010483,0.039818,0.038582,0.002699,2065.30,27847743500.00,7125
2016-05-31,0.014340,0.011925,-0.000584,-0.002369,0.015330,2096.96,28094901200.00,7107
2016-06-30,0.002947,0.000875,0.005847,0.003038,0.000906,2098.86,28132418700.00,7119
2016-07-29,0.038815,0.037567,0.049900,0.048772,0.035610,2173.60,29204697400.00,7115
2016-08-31,0.002800,0.000463,0.012873,0.011095,-0.001219,2170.95,29220407000.00,7075
2016-09-30,0.003013,0.001235,0.015368,0.013387,-0.001234,2168.27,29207005700.00,7074
2016-10-31,-0.021544,-0.022789,-0.039930,-0.041014,-0.019426,2126.15,28568245700.00,7084
2016-11-30,0.040488,0.038040,0.050508,0.048694,0.034175,2198.81,29672930700.00,7075
2016-12-30,0.018763,0.016625,0.015897,0.012417,0.018201,2238.83,30181681700.00,7055
2017-01-31,0.022153,0.021130,0.025937,0.025080,0.017884,2278.87,30883220600.00,7055
2017-02-28,0.032598,0.030496,0.017121,0.015547,0.037198,2363.64,31835312700.00,7048
2017-03-31,0.002062,0.000191,0.006378,0.004393,-0.000389,2362.72,31868616600.00,7044
2017-04-28,0.009655,0.008535,0.003709,0.002711,0.009091,2384.20,32175901300.00,7049
2017-05-31,0.009335,0.006983,-0.011301,-0.012994,0.011576,2411.80,32455379200.00,7059
2017-06-30,0.009571,0.007690,0.022960,0.020491,0.004814,2423.41,32721951700.00,7071
2017-07-31,0.020277,0.018893,0.009082,0.008024,0.019349,2470.30,33260694300.00,7053
2017-08-31,0.001600,-0.000638,-0.008726,-0.010292,0.000546,2471.65,33161382100.00,7027
2017-09-29,0.023729,0.022122,0.046845,0.044811,0.019303,2519.36,33872736600.00,6998
2017-10-31,0.019275,0.018190,0.002239,0.001224,0.022188,2575.26,34503792300.00,7010
2017-11-30,0.027232,0.024905,0.020843,0.019003,0.028083,2647.58,35363870900.00,7054
2017-12-29,0.012122,0.010264,0.014185,0.011109,0.009832,2673.61,35762263300.00,7049
2018-01-31,0.050577,0.049625,0.029441,0.028637,0.056179,2823.81,37633761400.00,7072
2018-02-28,-0.039455,-0.041323,-0.040026,-0.041468,-0.038947,2713.83,36048758800.00,7093
2018-03-29,-0.018421,-0.020288,0.001242,-0.001052,-0.026885,2640.87,35275829200.00,7095
2018-04-30,0.004679,0.003570,0.008169,0.007045,0.002719,2648.05,35404765000.00,7085
2018-05-31,0.026146,0.023850,0.034593,0.032894,0.021608,2705.27,36297913200.00,7107
2018-06-29,0.005359,0.003576,0.002790,0.000039,0.004842,2718.37,36323454600.00,7133
2018-07-31,0.031573,0.030436,0.006837,0.005796,0.036022,2816.29,37418001100.00,7159
2018-08-31,0.030233,0.027765,0.019201,0.017262,0.030263,2901.52,38384784200.00,7165
2018-09-28,0.000425,-0.001212,-0.010332,-0.012399,0.004294,2913.98,38308562100.00,7192
2018-10-31,-0.074045,-0.075113,-0.082375,-0.083353,-0.069403,2711.74,35448633000.00,7218
2018-11-30,0.018512,0.016171,0.000656,-0.001152,0.017859,2760.17,35936127600.00,7225
2018-12-31,-0.089890,-0.092124,-0.099321,-0.102875,-0.091777,2506.85,32574916300.00,7206
2019-01-31,0.088294,0.087067,0.120260,0.119340,0.078684,2704.10,35370181000.00,7204
2019-02-28,0.032724,0.030666,0.038572,0.037065,0.029729,2784.49,36362507000.00,7186
2019-03-29,0.012962,0.011140,-0.003908,-0.006087,0.017924,2834.40,36757421800.00,7181
2019-04-30,0.037893,0.036700,0.020355,0.019162,0.039313,2945.83,38105983000.00,7195
2019-05-31,-0.061679,-0.063898,-0.064571,-0.066402,-0.065778,2752.06,35726100000.00,7232
2019-06-28,0.067279,0.065283,0.049002,0.046094,0.068930,2941.76,38172873400.00,7253
2019-07-31,0.011854,0.010702,-0.005245,-0.006280,0.013128,2980.38,38562533000.00,7270
2019-08-30,-0.020339,-0.022372,-0.040001,-0.041599,-0.018092,2926.46,37654748600.00,7261
2019-09-30,0.016033,0.014169,0.017681,0.015360,0.017181,2976.74,38170395100.00,7272
2019-10-31,0.019257,0.018087,0.006291,0.005261,0.020432,3037.56,38823462600.00,7283
2019-11-29,0.034999,0.032986,0.026601,0.024938,0.034047,3140.98,40071128100.00,7272
2019-12-31,0.028489,0.026242,0.044379,0.040641,0.028590,3230.78,41157248900.00,7254
2020-01-31,-0.001728,-0.002849,-0.013334,-0.014200,-0.001628,3225.52,41059766800.00,7267
2020-02-28,-0.077918,-0.079868,-0.069815,-0.071321,-0.084111,2954.22,37777535300.00,7253
2020-03-31,-0.141733,-0.143685,-0.207503,-0.209773,-0.125119,2584.59,32333521600.00,7226
2020-04-30,0.129674,0.128408,0.153867,0.152519,0.126844,2912.43,36503289300.00,7224
2020-05-29,0.053739,0.051688,0.064070,0.062277,0.045282,3044.31,38384814300.00,7217
2020-06-30,0.025299,0.023522,0.057391,0.054855,0.018388,3100.29,39436685700.00,7244
2020-07-31,0.055532,0.054411,0.040737,0.039671,0.055101,3271.12,41718913900.00,7273
2020-08-31,0.068442,0.066798,0.038884,0.037315,0.070065,3500.31,44609398900.00,7286
2020-09-30,-0.035056,-0.036515,-0.027357,-0.029264,-0.039228,3363.00,43121774400.00,7336
2020-10-30,-0.020178,-0.021218,0.000584,-0.000483,-0.027666,3269.96,42298178300.00,7397
2020-11-30,0.123707,0.122019,0.174412,0.172530,0.107546,3621.63,47542006400.00,7457
2020-12-31,0.045048,0.043244,0.072853,0.069761,0.037121,3756.07,49839562000.00,7525
2021-01-29,-0.000631,-0.001611,0.073192,0.072453,-0.011137,3714.24,49930875500.00,7606
2021-02-26,0.029196,0.027888,0.067528,0.066370,0.026092,3811.15,51546805100.00,7692
2021-03-31,0.030573,0.029086,0.012449,0.010736,0.042439,3972.89,53473752300.00,7838
2021-04-30,0.048190,0.047301,0.016612,0.015805,0.052425,4181.17,56258381800.00,7978
2021-05-28,0.007092,0.005786,0.013179,0.011995,0.005487,4204.11,56748766000.00,8085
2021-06-30,0.023422,0.022021,0.021482,0.019631,0.022214,4297.50,58260341100.00,8186
2021-07-30,0.011828,0.010952,-0.033644,-0.034465,0.022748,4395.26,59040495900.00,8310
2021-08-31,0.027146,0.025841,0.018892,0.017615,0.028990,4522.68,60680121800.00,8367
2021-09-30,-0.042243,-0.043531,-0.028472,-0.030084,-0.047569,4307.54,58233532200.00,8473
2021-10-29,0.064651,0.063760,0.026557,0.025518,0.069144,4605.38,62099642100.00,8548
2021-11-30,-0.018351,-0.019707,-0.046540,-0.047916,-0.008334,4567.00,61045506600.00,8644
2021-12-31,0.033341,0.031573,-0.001760,-0.004799,0.043613,4766.18,63178035300.00,8750
2022-01-31,-0.059823,-0.060568,-0.068191,-0.068869,-0.052585,4515.55,59374130900.00,8832
2022-02-28,-0.021838,-0.023121,-0.007412,-0.008369,-0.031361,4373.94,58049543000.00,8891
2022-03-31,0.030506,0.028940,0.015438,0.013759,0.035773,4530.41,59709765700.00,8917
2022-04-29,-0.089387,-0.090295,-0.089642,-0.090538,-0.087957,4131.93,54286656700.00,8950
2022-05-31,-0.002113,-0.003740,-0.016103,-0.017428,0.000053,4132.15,54106918900.00,8959
2022-06-30,-0.083998,-0.085822,-0.068797,-0.071172,-0.083920,3785.38,49439618100.00,8978
2022-07-29,0.090351,0.089287,0.065360,0.064301,0.091116,4130.29,53809527800.00,8982
2022-08-31,-0.036233,-0.037918,-0.011555,-0.013025,-0.042440,3955.00,51746391000.00,8995
2022-09-30,-0.091323,-0.093030,-0.099903,-0.101918,-0.093396,3585.62,46930636700.00,9017
2022-10-31,0.077394,0.076265,0.049863,0.048814,0.079864,3871.98,50415353200.00,8999
2022-11-30,0.052354,0.050479,0.028123,0.026565,0.053753,4080.11,52928742700.00,8999
2022-12-30,-0.057120,-0.059152,-0.047241,-0.050775,-0.058972,3839.50,49720242900.00,8906
2023-01-31,0.071823,0.070884,0.126430,0.125589,0.061753,4076.60,53261862300.00,8884
2023-02-28,-0.024666,-0.026252,-0.035291,-0.036476,-0.026112,3970.15,51817175600.00,8854
2023-03-31,0.023950,0.022043,-0.036554,-0.038765,0.035052,4109.31,52855238600.00,8807
2023-04-28,0.008976,0.007865,-0.009518,-0.010685,0.014642,4169.48,53261957900.00,8789
2023-05-31,0.000708,-0.001057,-0.008776,-0.010380,0.002482,4179.83,53241372400.00,8779
2023-06-30,0.066183,0.064342,0.052624,0.049716,0.064728,4450.38,56684493200.00,8770
2023-07-31,0.035618,0.034672,0.043309,0.042322,0.031139,4588.96,58692137000.00,8747
2023-08-31,-0.020608,-0.022266,-0.052542,-0.054050,-0.017716,4507.66,57388268500.00,8743
2023-09-29,-0.047391,-0.048860,-0.055443,-0.057553,-0.048719,4288.05,54635591700.00,8784
2023-10-31,-0.028865,-0.029857,-0.060887,-0.062055,-0.021980,4193.80,52875382400.00,8770
2023-11-30,0.092053,0.090037,0.080251,0.078328,0.089179,4567.80,57681424500.00,8769
2023-12-29,0.053604,0.051476,0.083841,0.079149,0.044229,4769.83,60696692000.00,8742
2024-01-31,0.007561,0.006743,-0.025182,-0.025955,0.015896,4845.65,61207607400.00,8767
2024-02-29,0.050584,0.049052,0.041370,0.039950,0.051721,5096.27,64215405000.00,8732
2024-03-28,0.032450,0.030938,0.027637,0.025185,0.031019,5254.35,66253678600.00,8725
2024-04-30,-0.042724,-0.043636,-0.050243,-0.051624,-0.041615,5035.69,63376371300.00,8722
2024-05-31,0.046553,0.044979,0.041764,0.040011,0.048021,5277.51,66302161800.00,8722
2024-06-28,0.026073,0.024380,-0.018902,-0.021883,0.034670,5460.48,68010910700.00,8747
2024-07-31,0.019878,0.019000,0.047866,0.046499,0.011321,5522.30,69437514300.00,8767
2024-08-30,0.021572,0.020203,-0.010883,-0.012627,0.022835,5648.40,70854066700.00,8760
2024-09-30,0.020969,0.019485,0.016322,0.013885,0.020197,5762.48,72318924000.00,8798
2024-10-31,-0.008298,-0.009139,-0.005589,-0.006922,-0.009897,5705.45,71771754400.00,8835
2024-11-29,0.064855,0.063463,0.063684,0.061936,0.057301,6032.38,76451547300.00,8829
2024-12-31,-0.031582,-0.033470,-0.021978,-0.026649,-0.024990,5881.63,74032373700.00,8866
