date,ymd,url,text_length,is_valid
2006-01-31,20060131,https://www.federalreserve.gov/monetarypolicy/fomcminutes20060131.htm,28770,False
2006-03-28,20060328,https://www.federalreserve.gov/monetarypolicy/fomcminutes20060328.htm,28770,False
2006-05-10,20060510,https://www.federalreserve.gov/monetarypolicy/fomcminutes20060510.htm,28770,False
2006-06-29,20060629,https://www.federalreserve.gov/monetarypolicy/fomcminutes20060629.htm,28770,False
2007-09-18,20070918,https://www.federalreserve.gov/monetarypolicy/fomcminutes20070918.htm,28770,False
2007-10-31,20071031,https://www.federalreserve.gov/monetarypolicy/fomcminutes20071031.htm,39132,True
2007-12-11,20071211,https://www.federalreserve.gov/monetarypolicy/fomcminutes20071211.htm,42412,True
2008-01-30,20080130,https://www.federalreserve.gov/monetarypolicy/fomcminutes20080130.htm,66323,True
2008-03-18,20080318,https://www.federalreserve.gov/monetarypolicy/fomcminutes20080318.htm,42871,True
2008-04-30,20080430,https://www.federalreserve.gov/monetarypolicy/fomcminutes20080430.htm,48990,True
2008-10-29,20081029,https://www.federalreserve.gov/monetarypolicy/fomcminutes20081029.htm,55644,True
2008-12-16,20081216,https://www.federalreserve.gov/monetarypolicy/fomcminutes20081216.htm,53146,True
2009-01-28,20090128,https://www.federalreserve.gov/monetarypolicy/fomcminutes20090128.htm,74586,True
2009-03-18,20090318,https://www.federalreserve.gov/monetarypolicy/fomcminutes20090318.htm,48497,True
2009-04-29,20090429,https://www.federalreserve.gov/monetarypolicy/fomcminutes20090429.htm,46107,True
2009-06-24,20090624,https://www.federalreserve.gov/monetarypolicy/fomcminutes20090624.htm,57012,True
2009-08-12,20090812,https://www.federalreserve.gov/monetarypolicy/fomcminutes20090812.htm,48290,True
2009-09-23,20090923,https://www.federalreserve.gov/monetarypolicy/fomcminutes20090923.htm,51941,True
2009-11-04,20091104,https://www.federalreserve.gov/monetarypolicy/fomcminutes20091104.htm,48782,True
2009-12-16,20091216,https://www.federalreserve.gov/monetarypolicy/fomcminutes20091216.htm,57316,True
2010-01-27,20100127,https://www.federalreserve.gov/monetarypolicy/fomcminutes20100127.htm,77726,True
2010-03-16,20100316,https://www.federalreserve.gov/monetarypolicy/fomcminutes20100316.htm,47953,True
2010-04-28,20100428,https://www.federalreserve.gov/monetarypolicy/fomcminutes20100428.htm,50882,True
2010-06-23,20100623,https://www.federalreserve.gov/monetarypolicy/fomcminutes20100623.htm,56882,True
2010-08-10,20100810,https://www.federalreserve.gov/monetarypolicy/fomcminutes20100810.htm,48927,True
2010-09-21,20100921,https://www.federalreserve.gov/monetarypolicy/fomcminutes20100921.htm,44046,True
2010-11-03,20101103,https://www.federalreserve.gov/monetarypolicy/fomcminutes20101103.htm,51687,True
2010-12-14,20101214,https://www.federalreserve.gov/monetarypolicy/fomcminutes20101214.htm,48530,True
2011-01-26,20110126,https://www.federalreserve.gov/monetarypolicy/fomcminutes20110126.htm,76644,True
2011-03-15,20110315,https://www.federalreserve.gov/monetarypolicy/fomcminutes20110315.htm,48935,True
2011-04-27,20110427,https://www.federalreserve.gov/monetarypolicy/fomcminutes20110427.htm,55666,True
2011-06-22,20110622,https://www.federalreserve.gov/monetarypolicy/fomcminutes20110622.htm,54055,True
2011-08-09,20110809,https://www.federalreserve.gov/monetarypolicy/fomcminutes20110809.htm,48040,True
2011-09-21,20110921,https://www.federalreserve.gov/monetarypolicy/fomcminutes20110921.htm,60310,True
2011-11-02,20111102,https://www.federalreserve.gov/monetarypolicy/fomcminutes20111102.htm,55462,True
2011-12-13,20111213,https://www.federalreserve.gov/monetarypolicy/fomcminutes20111213.htm,55585,True
2012-01-25,20120125,https://www.federalreserve.gov/monetarypolicy/fomcminutes20120125.htm,113051,True
2012-03-13,20120313,https://www.federalreserve.gov/monetarypolicy/fomcminutes20120313.htm,82478,True
2012-04-25,20120425,https://www.federalreserve.gov/monetarypolicy/fomcminutes20120425.htm,87212,True
2012-06-20,20120620,https://www.federalreserve.gov/monetarypolicy/fomcminutes20120620.htm,93355,True
2012-08-01,20120801,https://www.federalreserve.gov/monetarypolicy/fomcminutes20120801.htm,87760,True
2012-09-13,20120913,https://www.federalreserve.gov/monetarypolicy/fomcminutes20120913.htm,90770,True
2012-10-24,20121024,https://www.federalreserve.gov/monetarypolicy/fomcminutes20121024.htm,84851,True
2012-12-12,20121212,https://www.federalreserve.gov/monetarypolicy/fomcminutes20121212.htm,91158,True
2013-01-30,20130130,https://www.federalreserve.gov/monetarypolicy/fomcminutes20130130.htm,114134,True
2013-03-20,20130320,https://www.federalreserve.gov/monetarypolicy/fomcminutes20130320.htm,88500,True
2013-05-01,20130501,https://www.federalreserve.gov/monetarypolicy/fomcminutes20130501.htm,85878,True
2013-06-19,20130619,https://www.federalreserve.gov/monetarypolicy/fomcminutes20130619.htm,94382,True
2013-07-31,20130731,https://www.federalreserve.gov/monetarypolicy/fomcminutes20130731.htm,87689,True
2013-09-18,20130918,https://www.federalreserve.gov/monetarypolicy/fomcminutes20130918.htm,94725,True
2013-10-30,20131030,https://www.federalreserve.gov/monetarypolicy/fomcminutes20131030.htm,91045,True
2013-12-18,20131218,https://www.federalreserve.gov/monetarypolicy/fomcminutes20131218.htm,98740,True
2014-01-29,20140129,https://www.federalreserve.gov/monetarypolicy/fomcminutes20140129.htm,120473,True
2014-03-19,20140319,https://www.federalreserve.gov/monetarypolicy/fomcminutes20140319.htm,95724,True
2014-04-30,20140430,https://www.federalreserve.gov/monetarypolicy/fomcminutes20140430.htm,85165,True
2014-06-18,20140618,https://www.federalreserve.gov/monetarypolicy/fomcminutes20140618.htm,97162,True
2014-07-30,20140730,https://www.federalreserve.gov/monetarypolicy/fomcminutes20140730.htm,93301,True
2014-09-17,20140917,https://www.federalreserve.gov/monetarypolicy/fomcminutes20140917.htm,101036,True
2014-10-29,20141029,https://www.federalreserve.gov/monetarypolicy/fomcminutes20141029.htm,95643,True
2014-12-17,20141217,https://www.federalreserve.gov/monetarypolicy/fomcminutes20141217.htm,90578,True
2015-01-28,20150128,https://www.federalreserve.gov/monetarypolicy/fomcminutes20150128.htm,136388,True
2015-03-18,20150318,https://www.federalreserve.gov/monetarypolicy/fomcminutes20150318.htm,96388,True
2015-04-29,20150429,https://www.federalreserve.gov/monetarypolicy/fomcminutes20150429.htm,90883,True
2015-06-17,20150617,https://www.federalreserve.gov/monetarypolicy/fomcminutes20150617.htm,93900,True
2015-07-29,20150729,https://www.federalreserve.gov/monetarypolicy/fomcminutes20150729.htm,96553,True
2015-09-17,20150917,https://www.federalreserve.gov/monetarypolicy/fomcminutes20150917.htm,90071,True
2015-10-28,20151028,https://www.federalreserve.gov/monetarypolicy/fomcminutes20151028.htm,94263,True
2015-12-16,20151216,https://www.federalreserve.gov/monetarypolicy/fomcminutes20151216.htm,91440,True
2016-01-27,20160127,https://www.federalreserve.gov/monetarypolicy/fomcminutes20160127.htm,132002,True
2016-03-16,20160316,https://www.federalreserve.gov/monetarypolicy/fomcminutes20160316.htm,91974,True
2016-04-27,20160427,https://www.federalreserve.gov/monetarypolicy/fomcminutes20160427.htm,102162,True
2016-06-15,20160615,https://www.federalreserve.gov/monetarypolicy/fomcminutes20160615.htm,95222,True
2016-07-27,20160727,https://www.federalreserve.gov/monetarypolicy/fomcminutes20160727.htm,108528,True
2016-09-21,20160921,https://www.federalreserve.gov/monetarypolicy/fomcminutes20160921.htm,112887,True
2016-11-02,20161102,https://www.federalreserve.gov/monetarypolicy/fomcminutes20161102.htm,101870,True
2016-12-14,20161214,https://www.federalreserve.gov/monetarypolicy/fomcminutes20161214.htm,96229,True
2017-02-01,20170201,https://www.federalreserve.gov/monetarypolicy/fomcminutes20170201.htm,124626,True
2017-03-15,20170315,https://www.federalreserve.gov/monetarypolicy/fomcminutes20170315.htm,100284,True
2017-05-03,20170503,https://www.federalreserve.gov/monetarypolicy/fomcminutes20170503.htm,97226,True
2017-06-14,20170614,https://www.federalreserve.gov/monetarypolicy/fomcminutes20170614.htm,99103,True
2017-07-26,20170726,https://www.federalreserve.gov/monetarypolicy/fomcminutes20170726.htm,90212,True
2017-09-20,20170920,https://www.federalreserve.gov/monetarypolicy/fomcminutes20170920.htm,97877,True
2017-12-13,20171213,https://www.federalreserve.gov/monetarypolicy/fomcminutes20171213.htm,90012,True
2018-03-21,20180321,https://www.federalreserve.gov/monetarypolicy/fomcminutes20180321.htm,89109,True
2018-05-02,20180502,https://www.federalreserve.gov/monetarypolicy/fomcminutes20180502.htm,93080,True
2018-06-13,20180613,https://www.federalreserve.gov/monetarypolicy/fomcminutes20180613.htm,88064,True
2018-08-01,20180801,https://www.federalreserve.gov/monetarypolicy/fomcminutes20180801.htm,95884,True
2018-09-26,20180926,https://www.federalreserve.gov/monetarypolicy/fomcminutes20180926.htm,88110,True
2018-11-08,20181108,https://www.federalreserve.gov/monetarypolicy/fomcminutes20181108.htm,96132,True
2018-12-19,20181219,https://www.federalreserve.gov/monetarypolicy/fomcminutes20181219.htm,97229,True
2019-01-30,20190130,https://www.federalreserve.gov/monetarypolicy/fomcminutes20190130.htm,135977,True
2019-03-20,20190320,https://www.federalreserve.gov/monetarypolicy/fomcminutes20190320.htm,104918,True
2019-05-01,20190501,https://www.federalreserve.gov/monetarypolicy/fomcminutes20190501.htm,102675,True
2019-06-19,20190619,https://www.federalreserve.gov/monetarypolicy/fomcminutes20190619.htm,95853,True
2019-07-31,20190731,https://www.federalreserve.gov/monetarypolicy/fomcminutes20190731.htm,112037,True
2019-09-18,20190918,https://www.federalreserve.gov/monetarypolicy/fomcminutes20190918.htm,111958,True
2019-10-30,20191030,https://www.federalreserve.gov/monetarypolicy/fomcminutes20191030.htm,124691,True
2019-12-11,20191211,https://www.federalreserve.gov/monetarypolicy/fomcminutes20191211.htm,97925,True
2020-04-29,20200429,https://www.federalreserve.gov/monetarypolicy/fomcminutes20200429.htm,103592,True
2020-06-10,20200610,https://www.federalreserve.gov/monetarypolicy/fomcminutes20200610.htm,107894,True
2020-07-29,20200729,https://www.federalreserve.gov/monetarypolicy/fomcminutes20200729.htm,101045,True
2020-09-16,20200916,https://www.federalreserve.gov/monetarypolicy/fomcminutes20200916.htm,106879,True
2020-11-05,20201105,https://www.federalreserve.gov/monetarypolicy/fomcminutes20201105.htm,104458,True
2020-12-16,20201216,https://www.federalreserve.gov/monetarypolicy/fomcminutes20201216.htm,96310,True
2021-01-27,20210127,https://www.federalreserve.gov/monetarypolicy/fomcminutes20210127.htm,126032,True
2021-03-17,20210317,https://www.federalreserve.gov/monetarypolicy/fomcminutes20210317.htm,98874,True
2021-04-28,20210428,https://www.federalreserve.gov/monetarypolicy/fomcminutes20210428.htm,99513,True
2021-06-16,20210616,https://www.federalreserve.gov/monetarypolicy/fomcminutes20210616.htm,104337,True
2021-07-28,20210728,https://www.federalreserve.gov/monetarypolicy/fomcminutes20210728.htm,111121,True
2021-09-22,20210922,https://www.federalreserve.gov/monetarypolicy/fomcminutes20210922.htm,99095,True
2021-11-03,20211103,https://www.federalreserve.gov/monetarypolicy/fomcminutes20211103.htm,96318,True
2021-12-15,20211215,https://www.federalreserve.gov/monetarypolicy/fomcminutes20211215.htm,103531,True
2022-01-26,20220126,https://www.federalreserve.gov/monetarypolicy/fomcminutes20220126.htm,131506,True
2022-03-16,20220316,https://www.federalreserve.gov/monetarypolicy/fomcminutes20220316.htm,98429,True
2022-05-04,20220504,https://www.federalreserve.gov/monetarypolicy/fomcminutes20220504.htm,93095,True
2022-06-15,20220615,https://www.federalreserve.gov/monetarypolicy/fomcminutes20220615.htm,93711,True
2022-07-27,20220727,https://www.federalreserve.gov/monetarypolicy/fomcminutes20220727.htm,97688,True
