Date,target,path
1994-02-04,-0.009128564779753127,0.06933018676502359
1994-03-22,-0.0035482150347300335,-0.010126593498316747
1994-04-18,-0.007719352577406533,0.059479782742080795
1994-05-17,-0.028058201724856218,0.0035747287416846656
1994-07-06,0.0059848217101414955,-0.0021757526378241624
1994-08-16,-0.01763250832745361,0.03039027372409971
1994-09-27,0.012667576837098854,-0.017141565380972355
1994-11-15,-0.01352637176483097,0.05030763829298717
1994-12-20,0.034927426138034116,-0.03841703171185121
1995-02-01,-0.003958289889892871,0.037896330402081915
1995-03-28,0.004875797218011326,0.014863089837930043
1995-05-23,-0.003458842288087129,0.0036196165990076156
1995-07-06,-0.021453611517845906,-0.08838208384490161
1995-08-22,0.002768075846388566,0.024187212771379505
1995-09-26,0.007463864259948599,0.03012705709253332
1995-11-15,-0.004798355051468009,0.02542592367335576
1995-12-19,0.004694992397413595,-0.038312467566885514
1996-01-31,-0.0030979420555518264,-0.009913840494618457
1996-03-26,0.0019349268285677062,0.01464293807525461
1996-05-21,0.0018710297768007238,0.014270639165747516
1996-07-03,0.010166900902243379,-0.01736891996773198
1996-08-20,0.0045938044686432734,0.0033448845779165104
1996-09-24,0.005622336528943912,-0.05934077731168039
1996-11-13,-0.0041377366003524105,-0.00035264601818779895
1996-12-17,0.0018554260801504914,0.00794478572053681
1997-02-05,0.008666559633244171,0.002991808981204567
1997-03-25,0.0017901230409904456,0.03664476992865604
1997-05-20,0.0055040172185373635,-0.04054295486761903
1997-07-02,0.00206676025149277,-0.00934753900465823
1997-08-19,0.002375852748400377,0.007001644645178484
1997-09-30,0.0015659041358594276,-0.002010810484393619
1997-11-12,0.0035219174416831625,-0.01540259964900177
1997-12-16,0.0015254347177938487,0.006213729254925007
1998-02-04,-0.004372572491080873,0.018736825735546022
1998-03-31,0.001237968556504361,0.003471678769994141
1998-05-19,0.003802843813929346,-0.006879635258745036
1998-07-01,-0.005672027456062208,-0.007036791589283021
1998-08-18,0.0010390659620935516,0.011618579025238012
1998-09-29,-0.006327312420038585,0.03243475505458239
1998-10-15,-0.0020802013174100343,-0.09964717986663751
1998-11-17,0.00954473630277495,-0.013662147633335266
1998-12-22,0.0009992812166817388,0.006422739094603312
1999-02-03,1.3632187442527865e-05,0.008201424608540803
1999-03-30,-0.005398840795228091,-0.002286173416503562
1999-05-18,0.026671877026055675,0.043789369289066196
1999-06-30,-0.014623436607849701,-0.04451722060863054
1999-08-24,-0.008272717700455809,0.015589511859586954
1999-10-05,0.025468692982430007,0.024092681401264478
1999-11-16,0.0005460066394436463,0.05379771055560818
1999-12-21,0.007096737450009874,0.014856705882611952
2000-02-02,0.011758472444056338,-0.006878731822786783
2000-03-21,0.003920288238350192,-0.0013694845242295639
2000-05-16,-0.00012134968436796096,0.037146260838188595
2000-06-28,-0.00486550907580879,-0.01042103556548159
2000-08-22,0.0012284008925338957,0.017766352000819965
2000-10-03,0.008543137487595647,0.02132118878704801
2000-11-15,0.0005158403642062,0.008605241512496378
2000-12-19,-0.007984830163813903,0.018232886006922272
2001-01-03,0.05766870209721635,-0.12126474120287717
2001-01-31,-0.010256650125615111,0.010639051648674746
2001-03-20,-0.021590335112148133,-0.01395358546613668
2001-04-18,0.012472377400176551,-0.29197078829648493
2001-05-15,-0.009571890407410666,-0.0807953839868241
2001-06-27,-0.0033453227101812376,0.05758888457609817
2001-08-21,-0.02123877664483439,-0.016085441178661158
2001-09-17,0.023822189745437067,-0.023377131949409435
2001-10-02,-0.003851180021606332,-0.03631674785305392
2001-11-06,0.001501153628029852,-0.10052773226918633
2001-12-11,-0.016107892119664825,-0.024207696715626278
2002-01-30,0.0018685625716025945,0.020452539485251296
2002-03-19,-0.008959475875268005,-0.025873397664319522
2002-05-07,-0.01066063462268883,-0.009560700355000357
2002-06-26,0.0008216699836888731,0.009399201149585456
2002-08-13,-0.03431241780014141,-0.02285476759215915
2002-09-24,-0.0071350698730978,0.006291996380393727
2002-11-06,0.027384030659929427,-0.07112443259650397
2002-12-10,0.004865050998543509,0.009619344570584117
2003-01-29,0.007913565940909313,0.022327335375800523
2003-03-18,-0.0042190991749866905,0.007649688635914124
2003-05-06,-0.026578638610092742,-0.02108908100468456
2003-06-25,0.0030062096530071502,0.08224165613054624
2003-08-12,-0.009774276685394406,-0.0034719402939520244
2003-09-16,-0.0008190279045613972,0.004989596222395057
2003-10-28,-0.020705404162213985,-0.018604401847438258
2003-12-09,0.00825974223986692,0.012103041325141443
2004-01-28,0.03350839722698861,0.041634205196412206
2004-03-16,-0.016656377031313792,-0.011257133427179846
2004-05-04,0.00415137487006882,0.002926247238320756
2004-06-30,-0.0043027229817424245,-0.010313022841315248
2004-08-10,0.005927373479732385,0.03146127058698315
2004-09-21,-0.004249025138933596,0.0004997722844026596
2004-11-10,-0.0063603927929983374,-0.0019899619442838865
2004-12-14,-0.003577136960441512,5.8351046740067773e-05
2005-02-02,-0.0018555810575343048,0.0018231605929671
2005-03-22,0.01643732890028813,0.026543190582718115
2005-05-03,0.005404400990709543,0.01368693818993623
2005-06-30,0.010966207284619127,0.023797417684564188
2005-08-09,-0.0033820832399243123,-0.003545882144235229
2005-09-20,-0.003368934819960055,0.027460291905963653
2005-11-01,0.003722130818419446,0.009389148451723336
2005-12-13,-0.005804289731435708,-0.004547345756928378
2006-01-31,0.005024379670981724,0.020243807158321987
2006-03-28,0.008844448621321789,0.026804527962206906
2006-05-10,0.010408196530762154,0.02913852011352103
2006-06-29,-0.0077414895407450935,-0.019088880760302608
2006-08-08,0.0035300087570468565,-0.019764194009870662
2006-09-20,0.004305219180617734,0.010427449763238757
2006-10-25,-0.002253608612662569,0.0009462151758538259
2006-12-12,-0.00815729326784911,-0.003954637048452851
2007-01-31,-0.0010131242446963092,0.0028966530708275456
2007-03-21,-0.02041128373891647,-0.023440833492212942
2007-05-09,0.008873423825622557,0.018174686005808988
2007-06-28,0.0032483213841647193,0.009442791310879384
2007-08-07,-0.008085199158915582,0.00023836432786375353
2007-08-10,-0.0028811359150618136,0.00852648139956593
2007-08-17,-0.006270878595919754,-0.01659577114592114
2007-09-18,0.003994773046555282,-0.10891499342490644
2007-10-31,0.017790680616536454,0.028890925358281236
2007-12-11,-0.004389541970533251,0.03721571287133754
2008-01-22,0.0504033001909838,-0.0984044016609609
2008-01-30,-0.006512768097508827,-0.07326171837224932
2008-03-11,0.004909931109089029,0.06823973882052992
2008-03-18,-0.017980993299599103,0.05118894340794418
2008-04-30,-0.004893289344939718,-0.037633109819482466
2008-06-25,-0.008550267578317656,-0.0212266633851271
2008-08-05,-0.005618657175037497,-0.013106286601515327
2008-09-16,-0.0036631365710084397,0.08282855315936086
2008-10-08,0.018683103147288733,-0.017187984199971598
2008-10-29,-0.0054970213196526025,-0.025139663992177246
2008-12-16,-0.01793546157936116,-0.1327691052745858
2009-01-28,-0.003110970190413936,0.004431612608143874
2009-03-18,-0.011923877594231714,-0.01319266327249401
2009-04-29,0.0038449886013656714,0.009134942510717534
2009-06-24,0.009265837081326816,0.016470563001779567
2009-08-12,-0.006129684386538108,-0.001635850185348278
2009-09-23,-0.020603089177573506,-0.024455839137425245
2009-11-04,-0.00464816769005441,-0.005278341623610178
2009-12-16,0.004566551982336648,0.0016001442076892735
2010-01-27,0.008085857403104997,0.011037915837979957
2010-03-16,-0.007620674423094755,-0.008364952215353955
2010-04-28,-0.0023612895880773576,-0.0008079178283859136
2010-05-09,-0.003303061004328074,-0.0010133096473588835
2010-06-23,-0.00036669536424229084,0.006667845515635998
2010-08-10,-0.006675796088445515,0.0004142721823061611
2010-09-21,-0.002693449279021572,0.004249407598705233
2010-11-03,-0.0032105800511317267,0.00934299965326798
2010-12-14,-0.0015682125614611016,0.007199846642827303
2011-01-26,-0.0018465352141516043,0.0017717794046887515
2011-03-15,0.002176624551487317,0.006710574631240657
2011-04-27,-0.0039028746498094694,0.0007297750765788918
2011-06-22,0.0010886297740882159,0.005750499779035636
2011-08-09,-0.007050568611003399,-0.0003653276679731624
2011-09-21,0.014625501410397127,0.030764408221550823
2011-11-02,0.0013129003644143371,0.009078087599561049
2011-12-13,0.001178297229625093,0.0076649510018399975
2012-01-25,-0.004207991490553257,0.0003762290988656922
2012-03-13,0.0031932185646001204,0.007935816710466302
2012-04-25,-7.76284283298737e-05,0.005165322245923654
2012-06-20,0.002326255912450529,0.013864013902553577
2012-08-01,-0.0013199873279879724,0.013090161404104326
2012-09-13,0.001012809297773123,0.01679930215301427
2012-10-24,-0.00015555746141078947,0.005411277198618812
2012-12-12,-0.0020688887903157513,0.004781432474971224
2013-01-30,-0.0014005760715548508,0.0063862483498124956
2013-03-20,-0.00016628601147225284,0.00726970023979867
2013-05-01,-0.0006878820938993853,0.00427881200489478
2013-06-19,0.000495357679380597,0.00689785192383906
2013-07-31,-0.0013004906621890224,0.004493667210219039
2013-09-18,-0.003979152399356341,-0.0002506191737601702
2013-10-30,0.0003814938560054932,0.005680242543178356
2013-12-18,-0.001492797713231958,0.006189009006419166
2014-01-29,0.0002348626727744561,0.006085493650868076
2014-03-19,0.0040399931896735845,0.009161697572208945
2014-04-30,0.0005495510508374742,0.006625272066737399
2014-06-18,0.002031115363011316,0.00805718352968099
2014-07-30,-0.00213324395033312,0.0036595330367178054
2014-09-17,0.003915147060900421,0.009004500170377934
2014-10-29,0.005324155544718766,0.01127887614062719
2014-12-17,-0.01306565692918406,-0.01081728666124265
2015-01-28,-0.0021717683409742785,0.0033704392459916895
2015-03-18,-0.015166152409698411,-0.022380074422363994
2015-04-29,0.0005478755923427697,0.004446973278355203
2015-06-17,-0.008443504192221547,-0.012868674934044625
2015-07-29,-0.001342496145614657,0.0007053265874547065
2015-09-17,-0.002083000580868624,-0.03159501714122092
2015-10-28,0.008847699170116735,0.019302125811175037
2015-12-16,0.00037445105153837766,0.016532828460487748
2016-01-27,-0.005252835374491507,-0.006343375864440373
2016-03-16,-0.01419270435358785,-0.03244570872196892
2016-04-27,0.0027648994716325745,0.010077834848247846
2016-06-15,-0.008668509594989854,-0.014687913523733248
2016-07-27,0.0025786387192810825,0.0049065817148921335
2016-09-21,0.00216933734961974,-0.011471427551416499
2016-11-02,0.0016429591103730725,0.006424318124603759
2016-12-14,0.010353672574510461,0.01706361402486223
2017-02-01,-0.0022633565702204384,-0.007070004279245798
2017-03-15,-0.012487633421187137,-0.01286651375086217
2017-05-03,0.002592362966479445,0.012310395795584246
2017-06-14,-0.00028537066972608407,0.017365568973274095
2017-07-26,-0.0022271786075822243,-0.0010704918908350587
2017-09-20,0.010299513417236854,0.02283676882610715
2017-11-01,0.0009563996452571791,0.004995360062982069
2017-12-13,-0.0027337967905884508,0.003902055441274826
2018-01-31,0.0013652917990304707,0.006416121834946096
2018-03-21,-0.0010513343277685357,0.0022017200713996253
2018-05-02,-0.00148778516555407,0.0018132469699964782
2018-06-13,0.0056019735757117176,0.009530402680946487
2018-08-01,-0.00035452985117226724,0.003715661364678575
2018-09-26,-0.002641399978098464,0.00908210904675409
2018-11-08,0.0005223686461006349,0.008381153568928178
2018-12-19,-0.0007901362323724474,0.023299816835518607
2019-01-30,-0.00594954530214484,-0.00249372238323925
2019-03-20,-0.008210554928701017,-0.002183210589511793
2019-05-01,-0.0029128393616821902,-0.018138530964239334
2019-06-19,-0.027958564606740996,-0.018733062027854328
2019-07-31,0.0017023126792669924,0.03207957032482399
2019-09-18,0.001170917901237239,0.02090611859740298
2019-10-04,0.001044203829351313,0.008832181441220438
2019-10-30,0.004427194284263102,0.011983659097303987
2019-12-11,-0.0009768249795891917,0.005070028840465858
2020-01-29,-0.000566663642778632,0.009372835999544237
2020-03-03,0.032562268182028405,-0.11250588600433603
2020-03-15,0.004279695120612799,-0.06915020446844337
2020-03-19,-0.008492031320404249,-0.0012869433995359608
2020-03-23,-0.005005269230685942,-0.006283064556998746
2020-03-31,-0.0011661150823092288,0.003296281171191486
2020-04-29,0.0031293349458677354,-0.0049591200819696915
2020-06-10,-0.000800827075369068,0.004030409251508293
2020-07-29,-0.0012094282505955192,0.004512192939587283
2020-08-27,-0.00034895355455019606,0.004482689254857439
2020-09-16,-0.0004458088021715381,0.004144419020959901
2020-11-05,-0.00026212694407586615,0.005764814227675929
2020-12-16,0.0006309537832833197,0.005008816873398748
2021-01-27,9.817134972217085e-05,0.007793153835122645
2021-03-17,0.0004950150352760726,-4.104029910367594e-05
2021-04-28,0.00033639791475288195,0.00099055121956202
2021-06-16,-0.0006868547906618141,0.016072253591655983
2021-07-28,9.776723924154436e-05,0.004701938519053188
2021-09-22,0.0003139762817860826,0.0064522686810283975
2021-11-03,0.000689426374328152,0.006634320736548848
2021-12-15,0.00936396726472296,0.018498728083913004
2022-01-26,-0.0007577935377388027,0.0015958831667046939
2022-03-16,0.02919854237818,0.03726432394957152
2022-05-04,-0.004792465301355531,-0.013302718211084813
2022-06-15,0.006265199808312037,0.04911019190350307
2022-07-27,0.0026442482839587698,-0.000888450244181818
2022-09-21,0.028176245450279788,0.042226404681660445
2022-11-02,-0.013138888557410284,-0.030879350595767695
2022-12-14,0.020904633320814246,0.04067409743825853
2023-02-01,0.005224904565917399,0.010260638675057953
2023-03-22,-0.020292951289548306,-0.0009542422101435924
2023-05-03,-0.002001434107537332,0.015474633685566277
2023-06-14,0.02533250597310901,0.03566401153769381
2023-07-26,0.0016239799234212568,0.007353808957016691
2023-09-20,0.016145933928752538,0.029829004812754353
2023-11-01,-0.0015250062091839752,-0.002340144991152684
2023-12-13,-0.023725454613880488,-0.02645550370938844
2024-01-31,0.003015520686500709,0.016505687658826467
2024-03-20,-0.006362058179501073,-0.004785164140966608
2024-05-01,-0.0009625386989136783,0.006040048213076315
2024-06-12,0.004450473605022254,0.016442653377102354
2024-07-31,0.0035864962487721815,0.013062021861670029
2024-09-18,-0.0003112586902635822,-0.07126309654540153
2024-11-07,0.002302695997704229,0.011951822293573071
2024-12-18,0.021874348210791938,0.035356197976423885
2025-01-29,0.0038982258697640203,0.016220761483030772
2025-03-19,-0.009966052523922514,-0.00651891944535172
2025-05-07,-0.005815221225604496,-0.00288776786070312
2025-06-18,-0.007874757703643116,-0.0048917067549567985
2025-07-30,-0.0029835786068085415,0.0023255679234893364
2025-09-17,-0.01274895287165535,-0.018789802533014842
2025-10-29,-0.0034222764185100727,0.012140595962858847
2025-12-10,-0.001596881702529701,-0.00021224344409243913
2026-01-28,0.0008940855310404984,0.007753426550790648
2026-03-18,-0.0031580194900734364,0.002812538860980371
2026-04-29,0.005224712387629208,0.01266885232009415
