date,decision,rate_before,rate_after,rate_change,expected_change,surprise,chair,regime,sentiment,lm_score,cb_score,word_count,sp500_ret,nasdaq_ret,gold_ret,ty10_chg,tb13w_chg,vix,term_spread
2006-01-31,rate_hike,4.25,4.5,0.25,0.0,0.25,Greenspan,conventional,0.01126126126126126,0.03678678678678678,-0.014264264264264264,1332,0.18592626746128205,0.2055663535684106,-0.2452633862728851,0.03399991989135742,-0.007999897003173828,12.949999809265137,0.15700006484985352
2006-03-28,rate_hike,4.5,4.75,0.25,0.0,0.25,Bernanke,conventional,0.011151079136690646,0.038129496402877695,-0.015827338129496403,1390,0.7469695510914525,1.445894870129127,1.1295490098537417,0.032000064849853516,-0.02500009536743164,11.579999923706055,0.25099992752075195
2006-05-10,rate_hike,4.75,5.0,0.25,0.0,0.25,Bernanke,conventional,0.011969904240766074,0.03625170998632011,-0.012311901504787962,1462,-1.279807382021996,-2.070031079080443,2.2879032693836057,0.03000020980834961,-0.05699968338012695,11.779999732971191,0.3730001449584961
2006-06-29,rate_hike,5.0,5.25,0.25,0.0,0.25,Bernanke,conventional,0.01250893495353824,0.035025017869907075,-0.010007147962830594,1399,-0.2097656442177884,-0.10530795193493116,4.603580562659847,-0.06199979782104492,-0.004999637603759766,13.029999732971191,0.33500003814697266
2007-09-18,rate_cut,5.25,4.75,-0.5,0.0,-0.5,Bernanke,conventional,0.010226442658875094,0.03871439006574142,-0.018261504747991233,1369,0.608640712582564,0.5588977791494291,0.8661654530265909,0.04400014877319336,-0.04999995231628418,20.350000381469727,0.6200001239776611
2007-10-31,rate_cut,4.75,4.5,-0.25,0.0,-0.25,Bernanke,conventional,0.011315417256011314,0.03536067892503536,-0.01272984441301273,1414,-2.642351350058826,-2.2485952470490025,-0.16413987284958964,-0.11399984359741211,-0.11500000953674316,18.530000686645508,0.6549999713897705
2007-12-11,rate_cut,4.5,4.25,-0.25,0.0,-0.25,Bernanke,conventional,0.008979885057471264,0.035201149425287355,-0.017241379310344827,1392,0.6050107439882448,0.7084206168136933,0.25880891332902767,0.08600020408630371,-0.059999942779541016,23.59000015258789,1.1200001239776611
2008-01-30,rate_cut,3.5,3.0,-0.5,0.0,-0.5,Bernanke,forward_guidance,0.007714915503306392,0.03232916972814107,-0.01689933872152829,1361,1.6772253672436226,1.7394681746221794,0.22811608481274748,-0.09400010108947754,-0.2700001001358032,27.6200008392334,1.5929999351501465
2008-03-18,rate_cut,3.0,2.25,-0.75,0.0,-0.75,Bernanke,forward_guidance,0.01035714285714286,0.035,-0.014285714285714285,1400,-2.4287198495755873,-2.5702542291061703,-5.831339641962375,-0.08899998664855957,-0.25,25.790000915527344,2.5509999990463257
2008-04-30,rate_cut,2.25,2.0,-0.25,0.0,-0.25,Bernanke,forward_guidance,0.009533898305084746,0.03742937853107345,-0.018361581920903956,1416,1.714071304344302,2.814568581526605,-1.6110296216464,-0.009999990463256836,0.029999971389770508,20.790000915527344,2.419000029563904
2008-10-29,rate_cut,1.5,1.0,-0.5,0.0,-0.5,Bernanke,forward_guidance,0.007874015748031494,0.03650680028632784,-0.020758768790264854,1397,2.5803953710955634,2.4927474229264526,-2.0722603399175035,0.06499981880187988,-0.1899999976158142,69.95999908447266,3.309000074863434
2008-12-16,rate_cut,1.0,0.25,-0.75,0.0,-0.75,Bernanke,forward_guidance,0.008241758241758242,0.03610675039246468,-0.019623233908948195,1274,-0.9592862125632647,-0.6654520726093736,3.0652236448611077,-0.17299985885620117,-0.02000000048428774,52.369998931884766,2.337999915704131
2009-01-28,unchanged,0.25,0.25,0.0,0.0,0.0,Bernanke,forward_guidance,0.01103404791929382,0.03909205548549811,-0.017023959646910468,1586,-3.3120172199171143,-3.2406279186593743,1.914198904102434,0.15900015830993652,0.03999999165534973,39.65999984741211,2.475999891757965
2009-03-18,unchanged,0.25,0.25,0.0,0.0,0.0,Bernanke,forward_guidance,0.01013734466971877,0.03924133420536298,-0.01896664486592544,1529,-1.297916268076772,-0.5190374583520041,7.831661373908422,0.06399989128112793,-0.015000000596046448,40.060001373291016,2.327999994158745
2009-04-29,unchanged,0.25,0.25,0.0,0.0,0.0,Bernanke,forward_guidance,0.010437051532941943,0.042400521852576645,-0.021526418786692758,1533,-0.09500676204463439,0.3131013706866382,-1.0113331528552183,0.0280001163482666,0.030000001192092896,36.08000183105469,3.0009999573230743
2009-06-24,unchanged,0.25,0.25,0.0,0.0,0.0,Bernanke,forward_guidance,0.01008064516129032,0.041666666666666664,-0.021505376344086023,1488,2.1444277390130924,2.0755031942370312,0.5352746098578608,-0.13899993896484375,-0.015000000596046448,29.049999237060547,3.5049999356269836
2009-08-12,unchanged,0.25,0.25,0.0,0.0,0.0,Bernanke,forward_guidance,0.01144538914323087,0.04381948986265533,-0.020928711576193592,1529,0.6880010068455423,0.5318406299344172,0.42074260530554525,-0.1099998950958252,-0.004999995231628418,25.450000762939453,3.5309999734163284
2009-09-23,unchanged,0.25,0.25,0.0,0.0,0.0,Bernanke,forward_guidance,0.01371652514696277,0.04768125408229915,-0.020248203788373612,1531,-0.9511029501025644,-1.1170869807850732,-1.5301085883514314,-0.03699994087219238,-0.004999995231628418,23.489999771118164,3.322999984025955
2009-11-04,unchanged,0.25,0.25,0.0,0.0,0.0,Bernanke,forward_guidance,0.014659018483110263,0.04652644996813257,-0.017208413001912046,1569,1.9235551727484472,2.4227469620792905,0.18404344252001126,-0.013000011444091797,-0.010000001639127731,27.719999313354492,3.501000002026558
2009-12-16,unchanged,0.25,0.25,0.0,0.0,0.0,Bernanke,forward_guidance,0.013456937799043063,0.04665071770334928,-0.019736842105263157,1672,-1.1810614167124218,-1.2170801868200056,-2.5275166157529725,-0.10899996757507324,0.004999998956918716,20.540000915527344,3.56099995598197
2010-01-27,unchanged,0.25,0.25,0.0,0.0,0.0,Bernanke,forward_guidance,0.011796733212341197,0.04295220810647308,-0.019358741681790685,1653,-1.1817740959567198,-1.909143912530038,-0.0737780164250082,0.01399993896484375,0.0,23.139999389648438,3.5740000531077385
2010-03-16,unchanged,0.25,0.25,0.0,0.0,0.0,Bernanke,forward_guidance,0.013200257566001287,0.04571796522858983,-0.019317450096587252,1553,0.5821675803744166,0.4659390868624664,0.16040357391258755,-0.01100015640258789,-0.004999995231628418,17.690000534057617,3.4980001151561737
2010-04-28,unchanged,0.25,0.25,0.0,0.0,0.0,Bernanke,forward_guidance,0.012854317732366512,0.04482531311799604,-0.01911667765326302,1517,1.2943228020842201,1.625984299410739,-0.24759022395362726,-0.04500007629394531,0.004999995231628418,21.079999923706055,3.6180000007152557
2010-06-23,unchanged,0.25,0.25,0.0,0.0,0.0,Bernanke,forward_guidance,0.011588275391956374,0.04226312201772325,-0.0190865712338105,1467,-1.6803502618826398,-1.6329327048562998,0.9237520978517069,0.007999897003173828,0.005000002682209015,26.90999984741211,2.995000012218952
2010-08-10,unchanged,0.25,0.25,0.0,0.0,0.0,Bernanke,forward_guidance,0.01118210862619808,0.040255591054313096,-0.017891373801916934,1565,-2.817876495417327,-3.009878112480284,0.10868156505535616,-0.09599995613098145,0.0,22.3700008392334,2.6359999030828476
2010-09-21,unchanged,0.25,0.25,0.0,0.0,0.0,Bernanke,forward_guidance,0.011718749999999998,0.041666666666666664,-0.018229166666666668,1536,-0.48254925148959876,-0.6299635308883835,1.3989253706600115,-0.046000003814697266,0.0,22.350000381469727,2.4390000998973846
2010-11-03,unchanged,0.25,0.25,0.0,0.0,0.0,Bernanke,forward_guidance,0.013429106808244847,0.03935040599625234,-0.012492192379762648,1601,1.928286287479284,1.4592963769345848,3.410363953223086,-0.13499999046325684,-0.004999995231628418,19.559999465942383,2.498999960720539
2010-12-14,unchanged,0.25,0.25,0.0,0.0,0.0,Bernanke,forward_guidance,0.014392991239048813,0.041927409261576974,-0.013141426783479349,1598,-0.5122452280258635,-0.3995859572962948,-1.2895394628645247,0.06500005722045898,0.0,17.610000610351562,3.3199999183416367
2011-01-26,unchanged,0.25,0.25,0.0,0.0,0.0,Bernanke,forward_guidance,0.013601036269430052,0.040803108808290155,-0.013601036269430052,1544,0.22443057531670377,0.5760185908696843,-1.095271986942048,-0.042999982833862305,-0.015000000596046448,16.639999389648438,3.2729999721050262
2011-03-15,unchanged,0.25,0.25,0.0,0.0,0.0,Bernanke,forward_guidance,0.013367281985996179,0.03946530872056015,-0.012730744748567792,1571,-1.94949490428555,-1.893654264234557,0.2441493949209598,-0.11100006103515625,-0.009999997913837433,24.31999969482422,3.2279999554157257
2011-04-27,unchanged,0.25,0.25,0.0,0.0,0.0,Bernanke,forward_guidance,0.013676844783715014,0.03880407124681934,-0.011450381679389313,1572,0.3555424049938198,0.0923434635800102,0.9296563664656011,-0.0559999942779541,-0.015000000596046448,15.350000381469727,3.31800002977252
2011-06-22,unchanged,0.25,0.25,0.0,0.0,0.0,Bernanke,forward_guidance,0.01148691767708998,0.035737077217613274,-0.012763241863433313,1567,-0.282798654925798,0.65787969306143,-2.1121803279319966,-0.0840001106262207,-0.004999999888241291,18.520000457763672,2.9830000307410955
2011-08-09,unchanged,0.25,0.25,0.0,0.0,0.0,Bernanke,forward_guidance,0.010416666666666668,0.032475490196078434,-0.011642156862745098,1632,-4.415240397919247,-4.08737774135995,2.373566024604885,-0.04499983787536621,-0.014999999664723873,35.060001373291016,2.1519999224692583
2011-09-21,unchanged,0.25,0.25,0.0,0.0,0.0,Bernanke,forward_guidance,0.012580456407255705,0.03920421299005266,-0.014043300175541252,1709,-3.188312151643559,-3.251136496330566,-3.6721156925020773,-0.15999996662139893,0.0,37.31999969482422,1.8700000001117587
2011-11-02,unchanged,0.25,0.25,0.0,0.0,0.0,Bernanke,forward_guidance,0.013125000000000001,0.04,-0.01375,1600,1.878180753005879,2.196607196395421,2.0535663216704996,0.059999942779541016,0.0,32.7400016784668,2.0010000420734286
2011-12-13,unchanged,0.25,0.25,0.0,0.0,0.0,Bernanke,forward_guidance,0.012936610608020697,0.040103492884864166,-0.014230271668822769,1546,-1.1348367422952284,-1.5492740440088635,-4.554489696608322,-0.06099998950958252,0.0,25.40999984741211,1.9570000125095248
2012-01-25,unchanged,0.25,0.25,0.0,0.0,0.0,Bernanke,forward_guidance,0.009120521172638438,0.03452768729641694,-0.016286644951140065,1535,-0.57538908840252,-0.46233483988545193,1.5590068972094462,-0.07599997520446777,0.010000001639127731,18.309999465942383,1.9719999693334103
2012-03-13,unchanged,0.25,0.25,0.0,0.0,0.0,Bernanke,forward_guidance,0.009702457956015525,0.03492884864165589,-0.015523932729624839,1546,-0.11962619960680758,0.02796484364584461,-3.022964671897737,0.16699981689453125,0.0,14.800000190734863,2.0270001143217087
2012-04-25,unchanged,0.25,0.25,0.0,0.0,0.0,Bernanke,forward_guidance,0.010289389067524118,0.03472668810289389,-0.01414790996784566,1555,0.6680165568110759,0.6925012434158593,1.1088065615432114,-0.02499997615814209,0.0,16.81999969482422,1.8989999666810036
2012-06-20,unchanged,0.25,0.25,0.0,0.0,0.0,Bernanke,forward_guidance,0.011771995043370509,0.03841387856257745,-0.01486988847583643,1614,-2.2261677039013446,-2.4351162609930763,-3.114939763881491,-0.023999929428100586,-0.004999995231628418,17.239999771118164,1.561999961733818
2012-08-01,unchanged,0.25,0.25,0.0,0.0,0.0,Bernanke,forward_guidance,0.010821133036282623,0.036282622533418206,-0.01464035646085296,1571,-0.7503669467536007,-0.3575065336363135,-1.0163950398515396,-0.06099998950958252,-0.005000002682209015,18.959999084472656,1.4490000307559967
2012-09-13,unchanged,0.25,0.25,0.0,0.0,0.0,Bernanke,forward_guidance,0.015242080095636582,0.04781829049611477,-0.017334130304841603,1673,0.39589513185272734,0.8910452195063081,0.0395722826210334,0.11399996280670166,0.0,14.050000190734863,1.6610000431537628
2012-10-24,unchanged,0.25,0.25,0.0,0.0,0.0,Bernanke,forward_guidance,0.013872135102533174,0.04402895054282268,-0.016284680337756333,1658,0.2995542646406389,0.14824315283259054,0.6762716847985887,0.05299997329711914,0.005000002682209015,18.329999923706055,1.6699999794363976
2012-12-12,unchanged,0.25,0.25,0.0,0.0,0.0,Bernanke,forward_guidance,0.015337423312883436,0.04573340769659788,-0.01505856107083101,1793,-0.6321425165448823,-0.7183646634478685,-1.2233484969514776,0.03100001811981201,-0.007999997586011887,15.949999809265137,1.6370000280439854
2013-01-30,unchanged,0.25,0.25,0.0,0.0,0.0,Bernanke,forward_guidance,0.01342090234151913,0.04454597372929754,-0.01770416904625928,1751,-0.25633010773032894,-0.005733863873720739,-1.1488807993116568,-0.021000027656555176,0.004999998956918716,14.319999694824219,1.9460000433027744
2013-03-20,unchanged,0.25,0.25,0.0,0.0,0.0,Bernanke,forward_guidance,0.012871853546910754,0.041762013729977114,-0.016018306636155607,1748,-0.828243382855539,-0.9707436971656583,0.39191594576205285,-0.004999995231628418,-0.0030000023543834686,12.670000076293945,1.874000035226345
2013-05-01,unchanged,0.25,0.25,0.0,0.0,0.0,Bernanke,forward_guidance,0.015774647887323943,0.04788732394366197,-0.016338028169014085,1775,0.9407983261396148,1.2576114263082507,1.4796308940934784,-0.008000016212463379,0.0,14.489999771118164,1.5890000574290752
2013-06-19,unchanged,0.25,0.25,0.0,0.0,0.0,Bernanke,forward_guidance,0.014966740576496673,0.04490022172949002,-0.014966740576496674,1804,-2.501035094286317,-2.281600247090283,-6.384679144629772,0.10799980163574219,0.0,16.639999389648438,2.2710001096129417
2013-07-31,unchanged,0.25,0.25,0.0,0.0,0.0,Bernanke,forward_guidance,0.014665190924183731,0.043718871057000556,-0.014388489208633094,1807,1.2540569897534306,1.361412968104997,-0.10667665254635746,0.13000011444091797,0.005000000819563866,13.449999809265137,2.5629999358206987
2013-09-18,unchanged,0.25,0.25,0.0,0.0,0.0,Bernanke,forward_guidance,0.015756302521008403,0.043592436974789914,-0.01207983193277311,1904,-0.18429538196846795,0.1517055110248307,4.710198293778559,0.039999961853027344,0.0,13.59000015258789,2.7029999447986484
2013-10-30,unchanged,0.25,0.25,0.0,0.0,0.0,Bernanke,forward_guidance,0.015135422198619226,0.04354753053637812,-0.013276686139139671,1883,-0.38393812241104835,-0.2775683206396097,-1.8828780143856563,0.015000104904174805,-0.0020000003278255463,13.649999618530273,2.491999950259924
2013-12-18,unchanged,0.25,0.25,0.0,0.0,0.0,Bernanke,forward_guidance,0.014120020171457387,0.04084720121028744,-0.012607160867372668,1983,-0.057992920441088676,-0.2928744501068504,-3.324971798211972,0.039999961853027344,-0.0020000003278255463,13.800000190734863,2.8249999918043613
2014-01-29,unchanged,0.25,0.25,0.0,0.0,0.0,Bernanke,forward_guidance,0.013340174448435096,0.04002052334530529,-0.013340174448435094,1949,1.1267044743841543,1.7697443219224114,-1.5845350002930383,0.018000125885009766,-0.024999999441206455,17.350000381469727,2.634999953210354
2014-03-19,unchanged,0.25,0.25,0.0,0.0,0.0,Yellen,forward_guidance,0.014056224899598395,0.03965863453815261,-0.011546184738955823,1992,0.6040504799838986,0.271379448909625,-0.8125856728550266,0.003000020980834961,0.0020000003278255463,15.119999885559082,2.7220000736415386
2014-04-30,unchanged,0.25,0.25,0.0,0.0,0.0,Yellen,forward_guidance,0.01453035806953814,0.04099636741048261,-0.011935651271406332,1927,-0.014326148142609386,0.31328104427172987,-0.9648039700175861,-0.04200005531311035,-0.0020000003278255463,13.40999984741211,2.6280000023543835
2014-06-18,unchanged,0.25,0.25,0.0,0.0,0.0,Yellen,forward_guidance,0.01515151515151515,0.042842215256008356,-0.012539184952978056,1914,0.12774785766593186,-0.08044681333026528,3.245828824691435,0.009000062942504883,-0.007999999448657036,10.609999656677246,2.5949999168515205
2014-07-30,unchanged,0.25,0.25,0.0,0.0,0.0,Yellen,forward_guidance,0.015267175572519085,0.04376590330788804,-0.013231552162849873,1965,-1.999924034066198,-2.0867571500671938,-1.0502722472409745,0.002000093460083008,-0.010000001639127731,13.329999923706055,2.5259998999536037
2014-09-17,unchanged,0.25,0.25,0.0,0.0,0.0,Yellen,forward_guidance,0.015687250996015936,0.044820717131474105,-0.013446215139442231,2008,0.4891180086237238,0.6847640009782343,-0.7048017717204111,0.029000043869018555,-0.0030000004917383194,12.649999618530273,2.5869999043643475
2014-10-29,unchanged,0.25,0.25,0.0,0.0,0.0,Yellen,forward_guidance,0.014184397163120567,0.03873431533006001,-0.010365521003818877,1833,0.6230124240393591,0.371714692873311,-2.1400042634373553,-0.017999887466430664,-0.011999999638646841,15.149999618530273,2.307999954558909
2014-12-17,unchanged,0.25,0.25,0.0,0.0,0.0,Yellen,forward_guidance,0.0111352525801195,0.03367734926670288,-0.011406844106463879,1841,2.4015204739716167,2.241233734112863,0.03348424410954295,0.0559999942779541,0.013000000268220901,19.440000534057617,2.1280000023543835
2015-01-28,unchanged,0.25,0.25,0.0,0.0,0.0,Yellen,forward_guidance,0.01369047619047619,0.03869047619047619,-0.01130952380952381,1680,0.95346852870999,0.9793018005593244,-2.43409660423541,0.027000069618225098,-0.004999999888241291,20.440000534057617,1.7089999774470925
2015-03-18,unchanged,0.25,0.25,0.0,0.0,0.0,Yellen,forward_guidance,0.011504424778761062,0.03657817109144543,-0.013569321533923304,1695,-0.48725794087878066,0.1916542313859821,1.5372547156999021,0.026000022888183594,-0.0279999990016222,13.970000267028809,1.912999976426363
2015-04-29,unchanged,0.25,0.25,0.0,0.0,0.0,Yellen,forward_guidance,0.010466507177033492,0.03588516746411483,-0.014952153110047847,1672,-1.0128906614839197,-1.6366660948260738,-2.264839089782116,0.010999917984008789,0.001999999862164259,13.390000343322754,2.0320000858046114
2015-06-17,unchanged,0.25,0.25,0.0,0.0,0.0,Yellen,forward_guidance,0.011466505733252867,0.038020519010259504,-0.015087507543753771,1657,0.9902710578908205,1.3439669661465088,2.133625898081668,0.04500007629394531,0.0,14.5,2.302999994251877
2015-07-29,unchanged,0.25,0.25,0.0,0.0,0.0,Yellen,forward_guidance,0.011205330102967898,0.03755299818291944,-0.015142337976983646,1651,0.002836730636679298,0.3335427487884741,-0.3935139516754813,-0.01100015640258789,0.01499999687075615,12.5,2.234000042080879
2015-09-17,unchanged,0.25,0.25,0.0,0.0,0.0,Yellen,forward_guidance,0.010294117647058823,0.03529411764705882,-0.014705882352941176,1700,-1.6164165744279924,-1.3633202664721769,1.8616240802663893,-0.08699989318847656,0.00699999975040555,21.139999389648438,2.2140000076033175
2015-10-28,unchanged,0.25,0.25,0.0,0.0,0.0,Yellen,forward_guidance,0.009757539917208752,0.03548196333530455,-0.01596688350088705,1691,-0.04497742019048189,-0.42035371306537495,-2.5401431513222867,0.08100008964538574,0.017999999225139618,14.329999923706055,2.057000007480383
2015-12-16,rate_hike,0.25,0.5,0.25,0.0,0.25,Yellen,forward_guidance,0.013181019332161687,0.03925014645577036,-0.012888107791446984,1707,-1.5040520909943653,-1.3523628798670169,-2.523186565108998,-0.04900002479553223,-0.02199999988079071,17.860000610351562,2.051999941468239
2016-01-27,unchanged,0.5,0.5,0.0,0.0,0.0,Yellen,normalization,0.012782401902497026,0.03745541022592152,-0.011890606420927468,1682,0.5528577205787493,0.8618797982080716,-0.04479885412930922,-0.015999913215637207,0.017999976873397827,23.110000610351562,1.700999915599823
2016-03-16,unchanged,0.5,0.5,0.0,0.0,0.0,Yellen,normalization,0.01299468399291199,0.0383933845245127,-0.012404016538688719,1693,0.659523648662075,0.23132007620268966,2.863414119720457,-0.034999966621398926,-0.025000005960464478,14.989999771118164,1.637999951839447
2016-04-27,unchanged,0.5,0.5,0.0,0.0,0.0,Yellen,normalization,0.012654502648616835,0.03708063566804003,-0.011771630370806356,1699,-0.9230768513682666,-1.1895626288754764,1.304839054214973,-0.02199995517730713,-0.03500001132488251,13.770000457763672,1.6150000095367432
2016-06-15,unchanged,0.5,0.5,0.0,0.0,0.0,Yellen,normalization,0.012012012012012014,0.03663663663663664,-0.012612612612612612,1665,0.3132990699674149,0.20661613985223296,0.8010519806092579,-0.031999945640563965,-0.009999990463256836,20.139999389648438,1.340999960899353
2016-07-27,unchanged,0.5,0.5,0.0,0.0,0.0,Yellen,normalization,0.012729425695677914,0.036708111308466546,-0.011249259917110717,1689,0.16062090221754657,0.29514557351464626,0.4296753616077726,-0.003999948501586914,-0.06299999356269836,12.829999923706055,1.2319999933242798
2016-09-21,unchanged,0.5,0.5,0.0,0.0,0.0,Yellen,normalization,0.012152777777777778,0.03761574074074074,-0.013310185185185185,1728,0.6499784427785565,0.8373623234351625,1.0174089796977268,-0.03600001335144043,-0.06300000846385956,13.300000190734863,1.4449999779462814
2016-11-02,unchanged,0.5,0.5,0.0,0.0,0.0,Yellen,normalization,0.012783265543288786,0.0389308541545613,-0.01336432306798373,1721,-0.442340083894613,-0.923690588757472,-0.35966276909786604,0.013000011444091797,0.013000011444091797,19.31999969482422,1.4540000259876251
2016-12-14,rate_hike,0.5,0.75,0.25,0.0,0.25,Yellen,normalization,0.012055455093429777,0.03676913803496082,-0.012658227848101266,1659,0.38832279549073156,0.3711863341206901,-2.8846980617804205,0.05499982833862305,-0.034999996423721313,13.1899995803833,2.002000093460083
2017-02-01,unchanged,0.75,0.75,0.0,0.0,0.0,Yellen,normalization,0.013247073321010473,0.038817005545286505,-0.012322858903265557,1623,0.057030940329357155,-0.11430280352093132,0.9207013777967907,-0.003999948501586914,-0.01199999451637268,11.8100004196167,1.9739999771118164
2017-03-15,rate_hike,0.75,1.0,0.25,0.0,0.25,Yellen,normalization,0.013373860182370821,0.038905775075987845,-0.0121580547112462,1645,-0.16267102694210098,0.01203313465143882,2.1998187610305497,0.014000177383422852,-0.006999969482421875,11.630000114440918,1.7929999232292175
2017-05-03,unchanged,1.0,1.0,0.0,0.0,0.0,Yellen,normalization,0.011882998171846435,0.03717245581962218,-0.01340645947592931,1641,0.05821026438950783,0.04594509970665573,-1.5966001303167159,0.04699993133544922,0.00700002908706665,10.680000305175781,1.4610000252723694
2017-06-14,rate_hike,1.0,1.25,0.25,0.0,0.25,Yellen,normalization,0.012246117084826761,0.035842293906810034,-0.011350059737156512,1674,-0.2239598146152706,-0.47442547115641154,-1.6184865545233629,0.023999929428100586,0.009999990463256836,10.640000343322754,1.1550000309944153
2017-07-26,unchanged,1.25,1.25,0.0,0.0,0.0,Yellen,normalization,0.01196319018404908,0.03496932515337423,-0.011042944785276074,1630,-0.09726882691745313,-0.6315061086567281,0.8486769884657726,0.0279998779296875,-0.01700007915496826,9.600000381469727,1.187000036239624
2017-09-20,unchanged,1.25,1.25,0.0,0.0,0.0,Yellen,normalization,0.010863005431502714,0.03198551599275799,-0.010259505129752565,1657,-0.3045917698414143,-0.5165720388111605,-1.6310994218035442,0.0010001659393310547,-0.011999964714050293,9.779999732971191,1.2569999694824219
2017-12-13,rate_hike,1.25,1.5,0.25,0.0,0.25,Yellen,normalization,0.010889856876166771,0.03298070939639079,-0.01120099564405725,1607,-0.407085922717395,-0.2802585892351444,0.6744840412231848,-0.003000020980834961,0.009999990463256836,10.180000305175781,1.0759999752044678
2018-03-21,rate_hike,1.5,1.75,0.25,0.0,0.25,Powell,normalization,0.012109623964308477,0.035691523263224986,-0.011472275334608031,1569,-2.5162888405856463,-2.431624378770569,0.44673465830201087,-0.07500004768371582,-0.027000069618225098,17.860000610351562,1.1970000267028809
2018-05-02,unchanged,1.75,1.75,0.0,0.0,0.0,Powell,normalization,0.01264591439688716,0.03696498054474708,-0.011673151750972763,1542,-0.22536742393085252,-0.17955470680260802,0.6218313939622144,-0.017999887466430664,0.003000020980834961,15.970000267028809,1.1790000200271606
2018-06-13,rate_hike,1.75,2.0,0.25,0.0,0.25,Powell,normalization,0.01314878892733564,0.03806228373702422,-0.011764705882352941,1445,0.24715497784321902,0.8490435190003751,0.5474574332855965,-0.03099989891052246,-0.011999964714050293,12.9399995803833,1.0820000171661377
2018-08-01,unchanged,2.0,2.0,0.0,0.0,0.0,Powell,normalization,0.013617318435754191,0.03770949720670391,-0.01047486033519553,1432,0.4926444803381743,1.2377878847200392,-0.599396393939403,-0.01699995994567871,-0.013000011444091797,13.149999618530273,1.024999976158142
2018-09-26,rate_hike,2.0,2.25,0.25,0.0,0.25,Powell,normalization,0.011299435028248588,0.03389830508474576,-0.011299435028248588,1416,0.2763287087557916,0.6457785671937375,-0.979895408029732,-0.005000114440917969,-0.019999980926513672,12.890000343322754,0.9010000228881836
2018-11-08,unchanged,2.25,2.25,0.0,0.0,0.0,Powell,normalization,0.01365546218487395,0.03851540616246499,-0.011204481792717087,1428,-0.9199013706103346,-1.6462881150409232,-1.3492517516226048,-0.04500007629394531,-0.003000020980834961,16.719999313354492,0.9309999942779541
2018-12-19,rate_hike,2.25,2.5,0.25,0.0,0.25,Powell,normalization,0.013049450549450548,0.03708791208791209,-0.01098901098901099,1456,-1.5772106327423614,-1.6336100306734114,0.918457010161542,0.010999917984008789,-0.003000020980834961,25.579999923706055,0.440000057220459
2019-01-30,unchanged,2.5,2.5,0.0,0.0,0.0,Powell,normalization,0.013067400275103164,0.03782668500687758,-0.011691884456671253,1454,0.8597395948725415,1.3735076760518765,0.7481431082647816,-0.059999942779541016,-0.02500009536743164,17.65999984741211,0.3299999237060547
2019-03-20,unchanged,2.5,2.5,0.0,0.0,0.0,Powell,normalization,0.011564625850340137,0.034013605442176874,-0.010884353741496598,1470,1.0852481049954332,1.4230840983513036,0.4306017367118416,0.0019998550415039062,0.0,13.90999984741211,0.127000093460083
2019-05-01,unchanged,2.5,2.5,0.0,0.0,0.0,Powell,normalization,0.011072664359861593,0.03321799307958478,-0.011072664359861591,1445,-0.21239857917742397,-0.15988437953632803,-0.9130695348267625,0.0410001277923584,0.009999990463256836,14.800000190734863,0.14800000190734863
2019-06-19,unchanged,2.5,2.5,0.0,0.0,0.0,Powell,normalization,0.011478730587440917,0.03443619176232275,-0.011478730587440918,1481,0.9472185190685071,0.8015206720173106,3.5921500598776412,-0.0280001163482666,-0.04699993133544922,14.329999923706055,-0.09599995613098145
2019-07-31,rate_cut,2.5,2.25,-0.25,0.0,-0.25,Powell,normalization,0.011787819253438114,0.03470857891290111,-0.011132940406024885,1527,-0.8998793869673047,-0.786501553460915,-0.36462739365369606,-0.1269998550415039,0.0,16.1200008392334,-0.009000062942504883
2019-09-18,rate_cut,2.25,2.0,-0.25,0.0,-0.25,Powell,normalization,0.01324503311258278,0.03642384105960265,-0.009933774834437087,1510,0.0019974721421654514,0.06713322957528364,-0.6036468050373134,-0.011999964714050293,0.003000020980834961,13.949999809265137,-0.09399998188018799
2019-10-30,rate_cut,2.0,1.75,-0.25,0.0,-0.25,Powell,normalization,0.012219959266802444,0.035302104548540394,-0.010862186014935505,1473,-0.3022860563304665,-0.13993430296746806,1.2188637715869157,-0.10699999332427979,-0.09700000286102295,12.329999923706055,0.20299994945526123
2019-12-11,unchanged,1.75,1.75,0.0,0.0,0.0,Powell,normalization,0.012526096033402923,0.03688239387613083,-0.011830201809324982,1437,0.8575225775086268,0.7311086628855461,-0.183753450205922,0.10699999332427979,0.009999990463256836,14.989999771118164,0.26999998092651367
2020-03-03,rate_cut,1.75,1.25,-0.5,0.0,-0.5,Powell,normalization,0.009725906277630415,0.03978779840848806,-0.020335985853227233,1131,4.220259077449128,3.846114054662644,-0.06089763198755167,-0.018000006675720215,-0.24299997091293335,36.81999969482422,0.09200000762939453
2020-03-15,rate_cut,1.25,0.25,-1.0,0.0,-1.0,Powell,normalization,0.03233830845771144,0.05804311774461028,0.006633499170812604,603,-11.984055240393438,-12.321331290147407,-1.966083507146151,-0.22299998998641968,-0.057999998331069946,57.83000183105469,0.707999974489212
2020-04-29,unchanged,0.25,0.25,0.0,0.0,0.0,Powell,normalization,0.013966480446927373,0.04120111731843575,-0.013268156424581005,1432,-0.9212446303987638,-0.2822319106313816,-1.1271617334156117,-0.004999995231628418,0.0,31.229999542236328,0.5369999706745148
2020-06-10,unchanged,0.25,0.25,0.0,0.0,0.0,Powell,normalization,0.014634146341463414,0.04250871080139373,-0.0132404181184669,1435,-5.894405927443823,-5.265476367524758,1.0914580423122922,-0.09500002861022949,-0.012000009417533875,27.56999969482422,0.5830000191926956
2020-07-29,unchanged,0.25,0.25,0.0,0.0,0.0,Powell,normalization,0.014756348661633494,0.0425531914893617,-0.013040494166094716,1457,-0.3750251937389157,0.4255846926598821,-0.5733274211351421,-0.03799998760223389,-0.005000002682209015,24.100000381469727,0.48899999260902405
2020-09-16,unchanged,0.25,0.25,0.0,0.0,0.0,Powell,normalization,0.03387096774193549,0.07096774193548387,-0.0032258064516129032,310,-0.8412365876402532,-1.2686289053217388,-1.0305046258060957,-0.0029999613761901855,-0.015000000596046448,26.040000915527344,0.5869999751448631
2020-11-05,unchanged,0.25,0.25,0.0,0.0,0.0,Powell,normalization,0.03260869565217391,0.06086956521739131,0.004347826086956522,230,-0.028771518741859108,0.03616858700729745,0.257029757595085,0.04399996995925903,-0.0020000040531158447,27.579999923706055,0.6910000219941139
2020-12-16,unchanged,0.25,0.25,0.0,0.0,0.0,Powell,normalization,0.03048780487804878,0.06097560975609756,0.0,246,0.5757654753379817,0.8418230939438529,1.6755549806049534,0.009999990463256836,0.004999995231628418,22.5,0.8450000137090683
2021-01-27,unchanged,0.25,0.25,0.0,0.0,0.0,Powell,normalization,0.03024193548387097,0.06048387096774194,0.0,248,0.9760625975629744,0.5015639747579934,-0.37942435402282515,0.042999982833862305,-0.004999998956918716,37.209999084472656,0.9540000595152378
2021-03-17,unchanged,0.25,0.25,0.0,0.0,0.0,Powell,normalization,0.03024193548387097,0.06048387096774194,0.0,248,-1.4760539319459225,-3.024208644092823,0.3127115005246026,0.08899998664855957,-0.005000000353902578,19.229999542236328,1.6330000320449471
2021-04-28,unchanged,0.25,0.25,0.0,0.0,0.0,Powell,normalization,0.03024193548387097,0.06048387096774194,0.0,248,0.6762806734045721,0.22432185139893615,-0.28761424127984103,0.019999980926513672,0.0,17.280000686645508,1.612000004388392
2021-06-16,unchanged,0.25,0.25,0.0,0.0,0.0,Powell,normalization,0.03024193548387097,0.06048387096774194,0.0,248,-0.043571559205182624,0.8666146563395377,-4.608763171383436,-0.05799996852874756,0.0,18.149999618530273,1.5410000048577785
2021-07-28,unchanged,0.25,0.25,0.0,0.0,0.0,Powell,normalization,0.03333333333333333,0.06666666666666667,0.0,270,0.4206152980007458,0.10621237898132697,1.7615977311405948,0.008000016212463379,-0.005000002682209015,18.309999465942383,1.216000035405159
2021-09-22,unchanged,0.25,0.25,0.0,0.0,0.0,Powell,normalization,0.030357142857142853,0.06428571428571428,-0.0035714285714285713,280,1.2134715784494825,1.0431106514105397,-1.6322395900822868,0.07400000095367432,0.0,20.8700008392334,1.3109999652951956
2021-11-03,unchanged,0.25,0.25,0.0,0.0,0.0,Powell,normalization,0.03133903133903134,0.06267806267806268,0.0,351,0.41819423611504725,0.814146919861568,1.6670460887421283,-0.0549999475479126,-0.010000001639127731,15.100000381469727,1.5339999943971634
2021-12-15,unchanged,0.25,0.25,0.0,0.0,0.0,Powell,normalization,0.019318925998690242,0.05108055009823183,-0.012442698100851343,1527,-0.8743415379980434,-2.474372228287649,1.928968595877658,-0.04100000858306885,-0.010000001639127731,19.290000915527344,1.4180000573396683
2022-01-26,unchanged,0.25,0.25,0.0,0.0,0.0,Powell,normalization,0.033816425120772944,0.06280193236714976,0.004830917874396135,207,-0.5384088757710618,-1.3981551050466028,-2.0001079347303077,-0.04100000858306885,0.006999999284744263,31.959999084472656,1.670000046491623
2022-03-16,rate_hike,0.25,0.5,0.25,0.0,0.25,Powell,normalization,0.012877115526122147,0.036055923473142015,-0.010301692420897719,1359,1.2347817571452087,1.3264600759922922,1.7872104604789045,0.003999948501586914,-0.0729999840259552,26.670000076293945,1.754999965429306
2022-05-04,rate_hike,0.5,1.0,0.5,0.0,0.5,Powell,normalization,0.013328530259365994,0.03314121037463977,-0.006484149855907781,1388,-3.5649708609806936,-4.9917230446450915,0.3749330476700589,0.14899992942810059,-0.030000030994415283,25.420000076293945,2.084000051021576
2022-06-15,rate_hike,1.0,1.75,0.75,0.0,0.75,Powell,normalization,0.011248185776487663,0.030478955007256895,-0.007982583454281567,1378,-3.251195148816343,-4.081851000349302,1.6746489024431412,-0.08800005912780762,-0.2120000123977661,29.6200008392334,1.6999999284744263
2022-07-27,rate_hike,1.75,2.5,0.75,0.0,0.75,Powell,normalization,0.011355034065102194,0.031037093111279335,-0.008327024981074944,1321,1.213333869718089,1.0818266210801903,1.8149074332662516,-0.05299997329711914,-0.07499980926513672,23.239999771118164,0.3510000705718994
2022-09-21,rate_hike,2.5,3.25,0.75,0.0,0.75,Powell,normalization,0.011733535200605603,0.03255109765329296,-0.009084027252081756,1321,-0.8427580979689379,-1.3670076308969732,0.3724662581474015,0.1979999542236328,-0.059999942779541016,27.989999771118164,0.31999993324279785
2022-11-02,rate_hike,3.25,4.0,0.75,0.0,0.75,Powell,normalization,0.01491994177583697,0.03566229985443959,-0.005822416302765648,1374,-1.0585992315429726,-1.7279129140205032,-1.1180593601310944,0.06500005722045898,0.0,25.860000610351562,0.03399991989135742
2022-12-14,rate_hike,4.0,4.5,0.5,0.0,0.5,Powell,normalization,0.01490909090909091,0.03563636363636364,-0.005818181818181818,1375,-2.4921675023713963,-3.225878925859807,-1.6763512491355463,-0.05299997329711914,-0.006999969482421875,21.139999389648438,-0.7169997692108154
2023-02-01,rate_hike,4.5,4.75,0.25,0.0,0.25,Powell,normalization,0.013868065967016494,0.037481259370314844,-0.009745127436281859,1334,1.469937324431002,3.2539740784891658,-0.5965348951511151,-0.0010001659393310547,-0.009999752044677734,17.8700008392334,-1.122999906539917
2023-03-22,rate_hike,4.75,5.0,0.25,0.0,0.25,Powell,normalization,0.016129032258064516,0.04032258064516129,-0.008064516129032258,1364,0.2984528733375506,1.00634818011891,2.414218143681043,-0.09400010108947754,-0.06000041961669922,22.260000228881836,-1.063000202178955
2023-05-03,rate_hike,5.0,5.25,0.25,0.0,0.25,Powell,normalization,0.014274981217129976,0.037565740045078885,-0.009015777610818933,1331,-0.7218732334382448,-0.4900463198694032,0.956325773811519,-0.05200004577636719,-0.039999961853027344,18.34000015258789,-1.6919996738433838
2023-06-14,unchanged,5.25,5.25,0.0,0.0,0.0,Powell,normalization,0.015659955257270694,0.040268456375838924,-0.008948545861297539,1341,1.2178137420346744,1.1473237282990179,0.12785761456398118,-0.06800007820129395,-0.02500009536743164,13.880000114440918,-1.2839999198913574
2023-07-26,rate_hike,5.25,5.5,0.25,0.0,0.25,Powell,normalization,0.014992503748125937,0.038980509745127435,-0.008995502248875561,1334,-0.6424666064487874,-0.5462475464587264,-1.19355984095706,0.16100001335144043,0.0,13.1899995803833,-1.4170000553131104
2023-09-20,unchanged,5.5,5.5,0.0,0.0,0.0,Powell,normalization,0.01569506726457399,0.03961136023916293,-0.008221225710014948,1338,-1.6400934103219424,-1.8200835257764263,-1.3569091665984352,0.13100004196166992,-0.010000228881835938,15.140000343322754,-0.9660000801086426
2023-11-01,unchanged,5.5,5.5,0.0,0.0,0.0,Powell,normalization,0.016741071428571428,0.04092261904761905,-0.00744047619047619,1344,1.8858557020127693,1.7817344295621402,0.3436389018607271,-0.11999988555908203,-0.03000020980834961,16.8700008392334,-0.5110001564025879
2023-12-13,unchanged,5.5,5.5,0.0,0.0,0.0,Powell,normalization,0.016224188790560472,0.04056047197640118,-0.008112094395280236,1356,0.26470624846993607,0.18731969849362803,2.4163800213830875,-0.10299992561340332,-0.007999897003173828,12.1899995803833,-1.190000057220459
2024-01-31,unchanged,5.5,5.5,0.0,0.0,0.0,Powell,normalization,0.01463963963963964,0.03903903903903904,-0.00975975975975976,1332,1.2493688211609741,1.303282481791217,0.22457029269463613,-0.10400009155273438,0.01199960708618164,14.350000381469727,-1.2210001945495605
2024-03-20,unchanged,5.5,5.5,0.0,0.0,0.0,Powell,normalization,0.014328808446455506,0.038461538461538464,-0.00980392156862745,1326,0.3236535401515997,0.1981115213709642,1.1353631358613958,-0.0019998550415039062,0.0,13.039999961853027,-0.9550004005432129
2024-05-01,unchanged,5.5,5.5,0.0,0.0,0.0,Powell,normalization,0.014978601997146932,0.03851640513552068,-0.008559201141226819,1402,0.9128437077572986,1.5089538105478268,-0.030433984155645362,-0.023999691009521484,-0.012000083923339844,15.390000343322754,-0.6550002098083496
2024-06-12,unchanged,5.5,5.5,0.0,0.0,0.0,Powell,normalization,0.014563106796116504,0.038834951456310676,-0.009708737864077669,1339,0.23446558536818016,0.33575430637896575,-1.5325363368204195,-0.057000160217285156,-0.0030002593994140625,12.039999961853027,-0.9479999542236328
2024-07-31,rate_cut,5.5,5.25,-0.25,0.0,-0.25,Powell,normalization,0.014760147601476016,0.03985239852398524,-0.010332103321033211,1355,-1.3693502993456044,-2.302635266005267,0.35029878425716054,-0.13300013542175293,-0.020000457763671875,16.360000610351562,-1.0260000228881836
2024-09-18,rate_cut,5.25,5.0,-0.25,0.0,-0.25,Powell,normalization,0.01368343195266272,0.03476331360946745,-0.0073964497041420114,1352,1.6976853166763366,2.507665992778018,0.6729703643647181,0.05500006675720215,-0.021999835968017578,18.229999542236328,-0.929999828338623
2024-11-07,rate_cut,5.0,4.75,-0.25,0.0,-0.25,Powell,normalization,0.012917933130699086,0.03723404255319149,-0.011398176291793313,1316,0.375683330923168,0.08987464377530671,-0.40393947295516386,-0.034999847412109375,0.0029997825622558594,15.199999809265137,-0.07899999618530273
2024-12-18,rate_cut,4.75,4.5,-0.25,0.0,-0.25,Powell,normalization,0.013402829486224871,0.0379746835443038,-0.011169024571854059,1343,-0.08651123249070528,-0.10271871739682834,-1.6802597696994122,0.07600021362304688,-0.012000083923339844,27.6200008392334,0.26200008392333984
2025-01-29,unchanged,4.5,4.5,0.0,0.0,0.0,Powell,normalization,0.01418711656441718,0.039110429447852764,-0.010736196319018405,1304,0.5275414405311813,0.2517771038430331,1.9464772107505455,-0.0429997444152832,-0.006000041961669922,16.559999465942383,0.36699962615966797
2025-03-19,unchanged,4.5,4.5,0.0,0.0,0.0,Powell,normalization,0.015407190022010272,0.043286867204695524,-0.012472487160674981,1363,-0.21848931523151432,-0.3332708361115989,0.13505378267197404,-0.023000240325927734,-0.007999897003173828,19.899999618530273,0.06599998474121094
