date,decision,rate_before,rate_after,rate_change,expected_change,surprise,chair,regime,sentiment,lm_score,cb_score,word_count,sp500_ret,nasdaq_ret,gold_ret,ty10_chg,tb13w_chg,vix,term_spread,sentiment_enhanced,cb_score_enhanced,hawk_count,dove_count,crsp_vw_ret,crsp_ew_ret,sp500_ret_crsp,target_shock,path_shock,kuttner_bp,ns_shock,fin_ar_mean,fin_ar_median,fin_ar_std,fin_ar_tstat,fin_ar_n_pos,fin_ar_n_neg,fin_ar_n_total,fin_ar_pct_pos,mkt_ret,sentiment_use,fg_period,sentiment_x_fg
2006-01-31,rate_hike,4.25,4.5,0.25,0.0,0.25,Greenspan,conventional,0.0112612612612612,0.0367867867867867,-0.0142642642642642,1332,0.185926267461282,0.2055663535684106,-0.2452633862728851,0.0339999198913574,-0.0079998970031738,12.949999809265137,0.1570000648498535,0.004129129129129129,0.0,15,15,-0.1529,0.2841,-0.3984,0.3987485911527393,0.7046261016213693,0.4999999999999005,0.7823846582363789,,,,,,,,,,0.004129129129129129,False,0.0
2006-03-28,rate_hike,4.5,4.75,0.25,0.0,0.25,Bernanke,conventional,0.0111510791366906,0.0381294964028776,-0.0158273381294964,1390,0.7469695510914525,1.445894870129127,1.1295490098537415,0.0320000648498535,-0.0250000953674316,11.579999923706056,0.2509999275207519,0.0035971223021582727,-0.0028776978417266188,14,18,-0.5286,-0.24489999999999998,-0.6438,0.26005393419158845,1.2408831138111704,0.4999999999999005,1.1431008298677565,,,,,,,,,,0.0035971223021582727,False,0.0
2006-05-10,rate_hike,4.75,5.0,0.25,0.0,0.25,Bernanke,conventional,0.011969904240766,0.0362517099863201,-0.0123119015047879,1462,-1.279807382021996,-2.070031079080443,2.2879032693836057,0.0300002098083496,-0.0569996833801269,11.779999732971191,0.3730001449584961,0.0047879616963064295,-0.0006839945280437756,16,17,-0.1461,-0.35000000000000003,-0.17279999999999998,0.22892216759513706,1.351522891856268,0.0,1.2008527988628235,,,,,,,,,,0.0047879616963064295,False,0.0
2006-06-29,rate_hike,5.0,5.25,0.25,0.0,0.25,Bernanke,conventional,0.0125089349535382,0.035025017869907,-0.0100071479628305,1399,-0.2097656442177884,-0.1053079519349311,4.603580562659847,-0.0619997978210449,-0.0049996376037597,13.029999732971191,0.3350000381469726,0.004288777698355968,0.0007147962830593281,19,18,2.3619999999999997,2.2214,2.1565000000000003,-0.3653419077791956,-0.5109498630665854,-1.4999999999998792,-0.6100387513082035,,,,,,,,,,0.004288777698355968,False,0.0
2007-09-18,rate_cut,5.25,4.75,-0.5,0.0,-0.5,Bernanke,conventional,0.010226442658875,0.0387143900657414,-0.0182615047479912,1369,0.608640712582564,0.5588977791494291,0.8661654530265909,0.0440001487731933,-0.0499999523162841,20.350000381469727,0.6200001239776611,0.001095690284879474,-0.007304601899196494,10,20,2.9282,2.3126,2.9208000000000003,-4.95513748952875,-0.6235470806387485,-20.000000000000462,-3.483714215606999,,,,,,,,,,0.001095690284879474,False,0.0
2007-10-31,rate_cut,4.75,4.5,-0.25,0.0,-0.25,Bernanke,conventional,0.0113154172560113,0.0353606789250353,-0.0127298444130127,1414,-2.642351350058826,-2.2485952470490025,-0.1641398728495896,-0.1139998435974121,-0.1150000095367431,18.530000686645508,0.6549999713897705,0.0021216407355021216,-0.0049504950495049506,16,23,1.3188,0.9577,1.1991999999999998,-0.08822064566002835,2.067152540636245,-1.9999999999997797,1.5614487229764011,,,,,,,,,,0.0021216407355021216,False,0.0
2007-12-11,rate_cut,4.5,4.25,-0.25,0.0,-0.25,Bernanke,conventional,0.0089798850574712,0.0352011494252873,-0.0172413793103448,1392,0.6050107439882448,0.7084206168136933,0.2588089133290276,0.0860002040863037,-0.059999942779541,23.59000015258789,1.1200001239776611,0.0,-0.00646551724137931,13,22,-2.5421,-2.0362,-2.5271,1.9429229430737607,-0.28587829977069856,3.0999999999996586,0.7374362481112545,,,,,,,,,,0.0,False,0.0
2008-01-30,rate_cut,3.5,3.0,-0.5,0.0,-0.5,Bernanke,forward_guidance,0.0077149155033063,0.032329169728141,-0.0168993387215282,1361,1.6772253672436226,1.7394681746221794,0.2281160848127474,-0.0940001010894775,-0.2700001001358032,27.6200008392334,1.5929999351501465,-0.0003673769287288759,-0.00881704628949302,10,22,-0.5359,-0.2545,-0.4764,-2.887785022340617,-0.2459687992692545,-11.499999999999844,-1.9156908668665067,,,,,,,,,,-0.0003673769287288759,False,-0.0
2008-03-18,rate_cut,3.0,2.25,-0.75,0.0,-0.75,Bernanke,forward_guidance,0.0103571428571428,0.035,-0.0142857142857142,1400,-2.4287198495755877,-2.5702542291061703,-5.831339641962375,-0.0889999866485595,-0.25,25.790000915527344,2.5509999990463257,0.0003571428571428575,-0.007142857142857143,16,26,3.9596,2.8541,4.2410000000000005,2.6906581181984515,-1.1524781855046666,9.538461538460488,0.6908918001338283,,,,,,,,,,0.0003571428571428575,False,0.0
2008-04-30,rate_cut,2.25,2.0,-0.25,0.0,-0.25,Bernanke,forward_guidance,0.0095338983050847,0.0374293785310734,-0.0183615819209039,1416,1.714071304344302,2.814568581526605,-1.6110296216464,-0.0099999904632568,0.0299999713897705,20.790000915527344,2.419000029563904,0.0,-0.00847457627118644,13,25,-0.15430000000000002,0.172,-0.3846,-1.6325649621663696,-0.5442929338381952,-5.999999999999339,-1.381961860169286,,,,,,,,,,0.0,False,0.0
2008-10-29,rate_cut,1.5,1.0,-0.5,0.0,-0.5,Bernanke,forward_guidance,0.0078740157480314,0.0365068002863278,-0.0207587687902648,1397,2.5803953710955634,2.492747422926453,-2.0722603399175035,0.0649998188018798,-0.1899999976158142,69.95999908447266,3.309000074863434,-0.0021474588403722263,-0.013600572655690766,7,26,0.1444,2.1629,-1.1079,-1.0336839288075426,-1.1096586693131265,-3.5000000000007248,-1.5013029525330104,,,,,,,,,,-0.0021474588403722263,False,-0.0
2008-12-16,rate_cut,1.0,0.25,-0.75,0.0,-0.75,Bernanke,forward_guidance,0.0082417582417582,0.0361067503924646,-0.0196232339089481,1274,-0.9592862125632649,-0.6654520726093736,3.065223644861108,-0.1729998588562011,-0.0200000004842877,52.369998931884766,2.337999915704131,0.0011773940345368912,-0.005494505494505495,4,11,5.2898,4.6643,5.136,-4.210779153715667,-2.4914522410752173,-14.983333333335128,-4.4604486622583295,,,,,,,,,,0.0011773940345368912,True,0.0011773940345368912
2009-01-28,unchanged,0.25,0.25,0.0,0.0,0.0,Bernanke,forward_guidance,0.0110340479192938,0.0390920554854981,-0.0170239596469104,1586,-3.3120172199171143,-3.2406279186593743,1.914198904102434,0.1590001583099365,0.0399999916553497,39.65999984741211,2.475999891757965,-0.0009457755359394701,-0.012610340479192938,11,31,3.3821,3.0523000000000002,3.3558,0.2855636066856883,-0.23399271906865857,0.49999999999994493,-0.022958237977828113,,,,,,,,,,-0.0009457755359394701,True,-0.0009457755359394701
2009-03-18,unchanged,0.25,0.25,0.0,0.0,0.0,Bernanke,forward_guidance,0.0101373446697187,0.0392413342053629,-0.0189666448659254,1529,-1.297916268076772,-0.5190374583520041,7.831661373908422,0.0639998912811279,-0.0150000005960464,40.060001373291016,2.327999994158745,-0.0003270111183780247,-0.009810333551340745,12,27,2.2384999999999997,3.4165,2.0858000000000003,0.07153572112868846,-1.1325231610928128,-0.5961538461551041,-0.8667048336740523,,,,,,,,,,-0.0003270111183780247,True,-0.0003270111183780247
2009-04-29,unchanged,0.25,0.25,0.0,0.0,0.0,Bernanke,forward_guidance,0.0104370515329419,0.0424005218525766,-0.0215264187866927,1533,-0.0950067620446343,0.3131013706866382,-1.0113331528552183,0.0280001163482666,0.0300000011920928,36.08000183105469,3.0009999573230743,-0.0016307893020221786,-0.014350945857795172,10,32,2.4539999999999997,2.8567,2.161,-0.017890877096900553,0.5435859450955158,0.0,0.44942869826136916,,,,,,,,,,-0.0016307893020221786,True,-0.0016307893020221786
2009-06-24,unchanged,0.25,0.25,0.0,0.0,0.0,Bernanke,forward_guidance,0.0100806451612903,0.0416666666666666,-0.021505376344086,1488,2.1444277390130924,2.0755031942370312,0.5352746098578608,-0.1389999389648437,-0.0150000005960464,29.049999237060547,3.504999935626984,-0.0003360215053763438,-0.012096774193548387,9,27,0.8956999999999999,0.8663000000000001,0.6524,-0.01369912632752192,1.2392131799319523,0.0,1.0071508711270447,,,,,,,,,,-0.0003360215053763438,True,-0.0003360215053763438
2009-08-12,unchanged,0.25,0.25,0.0,0.0,0.0,Bernanke,forward_guidance,0.0114453891432308,0.0438194898626553,-0.0209287115761935,1529,0.6880010068455423,0.5318406299344172,0.4207426053055452,-0.1099998950958252,-0.0049999952316284,25.450000762939453,3.5309999734163284,0.0009810333551340741,-0.011118378024852845,9,26,1.2283,1.2435,1.1525,0.09000520378568985,-0.34587634031471837,0.0,-0.21986499390093941,,,,,,,,,,0.0009810333551340741,True,0.0009810333551340741
2009-09-23,unchanged,0.25,0.25,0.0,0.0,0.0,Bernanke,forward_guidance,0.0137165251469627,0.0476812540822991,-0.0202482037883736,1531,-0.9511029501025644,-1.1170869807850732,-1.5301085883514314,-0.0369999408721923,-0.0049999952316284,23.489999771118164,3.322999984025955,0.00163291966035271,-0.011103853690398433,12,29,-1.0386,-0.5232,-1.0069,0.08627089016588217,-2.3158299756943665,-0.9999999999987796,-1.8285951544293122,,,,,,,,,,0.00163291966035271,True,0.00163291966035271
2009-11-04,unchanged,0.25,0.25,0.0,0.0,0.0,Bernanke,forward_guidance,0.0146590184831102,0.0465264499681325,-0.017208413001912,1569,1.9235551727484472,2.4227469620792905,0.1840434425200112,-0.0130000114440917,-0.0100000016391277,27.71999931335449,3.501000002026558,0.0019120458891013388,-0.009560229445506692,15,30,0.0887,-0.23869999999999997,0.1043,0.03258809062557829,-0.3678137134310719,-0.5769230769242943,-0.2888184348086909,,,,,,,,,,0.0019120458891013388,True,0.0019120458891013388
2009-12-16,unchanged,0.25,0.25,0.0,0.0,0.0,Bernanke,forward_guidance,0.013456937799043,0.0466507177033492,-0.0197368421052631,1672,-1.1810614167124218,-1.2170801868200056,-2.5275166157529725,-0.1089999675750732,0.0049999989569187,20.540000915527344,3.56099995598197,0.0005980861244019135,-0.01375598086124402,12,35,0.3319,0.5027,0.11280000000000001,-0.296587749565936,0.47710879356317126,-1.5500000000009766,0.2091333191312596,,,,,,,,,,0.0005980861244019135,True,0.0005980861244019135
2010-01-27,unchanged,0.25,0.25,0.0,0.0,0.0,Bernanke,forward_guidance,0.0117967332123411,0.042952208106473,-0.0193587416817906,1653,-1.1817740959567198,-1.909143912530038,-0.0737780164250082,0.0139999389648437,0.0,23.13999938964844,3.5740000531077385,-0.00030248033877797956,-0.012704174228675136,12,33,0.41859999999999997,0.188,0.488,-0.11054828460148708,0.9260067108644633,-0.5000000000010552,0.7012487469695802,,,,,,,,,,-0.00030248033877797956,True,-0.00030248033877797956
2010-03-16,unchanged,0.25,0.25,0.0,0.0,0.0,Bernanke,forward_guidance,0.0132002575660012,0.0457179652285898,-0.0193174500965872,1553,0.5821675803744166,0.4659390868624664,0.1604035739125875,-0.0110001564025878,-0.0049999952316284,17.690000534057617,3.4980001151561737,0.0003219575016097879,-0.01159047005795235,14,32,0.8744999999999999,0.7171000000000001,0.7779,-0.05057091224716089,-0.8020957610047237,-1.0333333333332198,-0.6899174284783172,,,,,,,,,,0.0003219575016097879,True,0.0003219575016097879
2010-04-28,unchanged,0.25,0.25,0.0,0.0,0.0,Bernanke,forward_guidance,0.0128543177323665,0.044825313117996,-0.019116677653263,1517,1.29432280208422,1.625984299410739,-0.2475902239536272,-0.0450000762939453,0.0049999952316284,21.07999992370605,3.618000000715256,0.0016479894528675012,-0.00922874093605801,16,30,0.524,0.155,0.6463,-0.00747579163640711,-0.06839581511811264,0.0,-0.04652441547310802,,,,,,,,,,0.0016479894528675012,True,0.0016479894528675012
2010-06-23,unchanged,0.25,0.25,0.0,0.0,0.0,Bernanke,forward_guidance,0.0115882753919563,0.0422631220177232,-0.0190865712338105,1467,-1.6803502618826398,-1.6329327048562998,0.9237520978517068,0.0079998970031738,0.005000002682209,26.90999984741211,2.995000012218952,-0.0003408316291751874,-0.00954328561690525,18,32,-0.2917,-0.1882,-0.2985,0.0840857186757961,0.21193561488637175,0.0,0.21991272247981047,,,,,,,,,,-0.0003408316291751874,True,-0.0003408316291751874
2010-08-10,unchanged,0.25,0.25,0.0,0.0,0.0,Bernanke,forward_guidance,0.011182108626198,0.040255591054313,-0.0178913738019169,1565,-2.817876495417327,-3.009878112480284,0.1086815650553561,-0.0959999561309814,0.0,22.3700008392334,2.635999903082848,-0.0015974440894568685,-0.010862619808306708,14,31,-0.7992000000000001,-1.1581,-0.5967,0.16331685264550053,-0.6416790204487024,0.3690476190483979,-0.41403732728934656,,,,,,,,,,-0.0015974440894568685,True,-0.0015974440894568685
2010-09-21,unchanged,0.25,0.25,0.0,0.0,0.0,Bernanke,forward_guidance,0.0117187499999999,0.0416666666666666,-0.0182291666666666,1536,-0.4825492514895987,-0.6299635308883835,1.3989253706600115,-0.0460000038146972,0.0,22.350000381469727,2.4390000998973846,-0.0009765625000000004,-0.009114583333333334,18,32,-0.3097,-0.2993,-0.25639999999999996,0.2075748702111649,-0.2464553577909618,0.0,-0.08400846736517613,,,,,,,,,,-0.0009765625000000004,True,-0.0009765625000000004
2010-11-03,unchanged,0.25,0.25,0.0,0.0,0.0,Bernanke,forward_guidance,0.0134291068082448,0.0393504059962523,-0.0124921923797626,1601,1.928286287479284,1.4592963769345848,3.410363953223086,-0.1349999904632568,-0.0049999952316284,19.559999465942383,2.498999960720539,0.0015615240474703307,-0.0037476577139287947,24,30,0.34390000000000004,0.231,0.36779999999999996,0.3871016632344076,-0.20967743721458215,0.8333333333326248,0.06252843026539076,,,,,,,,,,0.0015615240474703307,True,0.0015615240474703307
2010-12-14,unchanged,0.25,0.25,0.0,0.0,0.0,Bernanke,forward_guidance,0.0143929912390488,0.0419274092615769,-0.0131414267834793,1598,-0.5122452280258635,-0.3995859572962948,-1.2895394628645247,0.0650000572204589,0.0,17.610000610351562,3.3199999183416367,0.002816020025031289,-0.0031289111389236545,23,28,0.0271,-0.1438,0.0911,0.18770919038310824,-0.05719193127784772,0.45588235294011403,0.07072425237791469,,,,,,,,,,0.002816020025031289,True,0.002816020025031289
2011-01-26,unchanged,0.25,0.25,0.0,0.0,0.0,Bernanke,forward_guidance,0.01360103626943,0.0408031088082901,-0.01360103626943,1544,0.2244305753167037,0.5760185908696843,-1.095271986942048,-0.0429999828338623,-0.0150000005960464,16.639999389648438,3.2729999721050262,0.0019430051813471498,-0.0051813471502590676,17,25,0.7332,1.1707,0.4221,0.12942518378480827,-0.1295745838067981,-0.49999999999994493,-0.05113732696811175,,,,,,,,,,0.0019430051813471498,True,0.0019430051813471498
2011-03-15,unchanged,0.25,0.25,0.0,0.0,0.0,Bernanke,forward_guidance,0.0133672819859961,0.0394653087205601,-0.0127307447485677,1571,-1.94949490428555,-1.893654264234557,0.2441493949209598,-0.1110000610351562,-0.0099999979138374,24.31999969482422,3.2279999554157257,0.0012730744748567788,-0.005728835136855506,18,27,-1.1151,-1.0769000000000002,-1.1199999999999999,0.05889285338756454,0.12729973763476893,0.0,0.1495414676912928,,,,,,,,,,0.0012730744748567788,True,0.0012730744748567788
2011-04-27,unchanged,0.25,0.25,0.0,0.0,0.0,Bernanke,forward_guidance,0.013676844783715,0.0388040712468193,-0.0114503816793893,1572,0.3555424049938198,0.0923434635800102,0.9296563664656012,-0.0559999942779541,-0.0150000005960464,15.350000381469728,3.31800002977252,0.0025445292620865138,-0.0031806615776081423,20,25,0.615,0.5246999999999999,0.625,-0.09593038048528345,-0.17853272531454606,0.0,-0.17856965806806727,,,,,,,,,,0.0025445292620865138,True,0.0025445292620865138
2011-06-22,unchanged,0.25,0.25,0.0,0.0,0.0,Bernanke,forward_guidance,0.0114869176770899,0.0357370772176132,-0.0127632418634333,1567,-0.282798654925798,0.65787969306143,-2.1121803279319966,-0.0840001106262207,-0.0049999998882412,18.520000457763672,2.9830000307410955,0.0009572431397574985,-0.004467134652201659,14,21,-0.5482,-0.3055,-0.6467999999999999,0.0460772688334768,0.23567573575479134,0.0,0.2292959068750435,,,,,,,,,,0.0009572431397574985,True,0.0009572431397574985
2011-08-09,unchanged,0.25,0.25,0.0,0.0,0.0,Bernanke,forward_guidance,0.0104166666666666,0.0324754901960784,-0.011642156862745,1632,-4.415240397919247,-4.08737774135995,2.373566024604885,-0.0449998378753662,-0.0149999996647238,35.060001373291016,2.1519999224692583,-0.00030637254901960806,-0.00428921568627451,17,24,5.1244,4.7193,4.7406999999999995,0.22112579286954237,-0.7381164694509629,-0.7045454545469414,-0.5245586661854929,,,,,,,,,,-0.00030637254901960806,True,-0.00030637254901960806
2011-09-21,unchanged,0.25,0.25,0.0,0.0,0.0,Bernanke,forward_guidance,0.0125804564072557,0.0392042129900526,-0.0140433001755412,1709,-3.188312151643559,-3.251136496330566,-3.672115692502077,-0.1599999666213989,0.0,37.31999969482422,1.8700000001117587,-0.0005851375073142187,-0.009362200117027502,16,32,-2.9444000000000004,-2.4666,-2.9391,0.3310100209033926,1.1977873808962813,0.8333333333313913,1.1535584155935692,,,,,,,,,,-0.0005851375073142187,True,-0.0005851375073142187
2011-11-02,unchanged,0.25,0.25,0.0,0.0,0.0,Bernanke,forward_guidance,0.013125,0.04,-0.01375,1600,1.878180753005879,2.196607196395421,2.0535663216705,0.059999942779541,0.0,32.7400016784668,2.0010000420734286,0.0012500000000000002,-0.0075,16,28,1.7082,1.7888000000000002,1.6105,-0.0015702727973757426,0.41735488047251884,-0.5357142857130371,0.3312584762345173,,,,,,,,,,0.0012500000000000002,True,0.0012500000000000002
2011-12-13,unchanged,0.25,0.25,0.0,0.0,0.0,Bernanke,forward_guidance,0.0129366106080206,0.0401034928848641,-0.0142302716688227,1546,-1.1348367422952284,-1.5492740440088637,-4.554489696608322,-0.0609999895095825,0.0,25.40999984741211,1.9570000125095248,0.00258732212160414,-0.005821474773609315,17,26,-1.1256,-1.2526000000000002,-0.8685999999999999,0.1384123636739121,0.2417579704022916,0.4305555555545521,0.2855920955519064,,,,,,,,,,0.00258732212160414,True,0.00258732212160414
2012-01-25,unchanged,0.25,0.25,0.0,0.0,0.0,Bernanke,forward_guidance,0.0091205211726384,0.0345276872964169,-0.01628664495114,1535,-0.57538908840252,-0.4623348398854519,1.5590068972094462,-0.0759999752044677,0.0100000016391277,18.309999465942383,1.9719999693334105,-0.0006514657980456022,-0.009771986970684038,14,29,0.9946999999999999,0.9547,0.8672,0.1538779923663267,-0.44988072575323196,-0.5000000000010552,-0.29332560435408106,,,,,,,,,,-0.0006514657980456022,True,-0.0006514657980456022
2012-03-13,unchanged,0.25,0.25,0.0,0.0,0.0,Bernanke,forward_guidance,0.0097024579560155,0.0349288486416558,-0.0155239327296248,1546,-0.1196261996068075,0.0279648436458446,-3.022964671897737,0.1669998168945312,0.0,14.800000190734863,2.0270001143217087,0.0006468305304010349,-0.008408796895213453,17,30,1.7621000000000002,1.448,1.8132,0.10659255419908353,0.3620040289562837,0.4305555555564642,0.3700381269333225,,,,,,,,,,0.0006468305304010349,True,0.0006468305304010349
2012-04-25,unchanged,0.25,0.25,0.0,0.0,0.0,Bernanke,forward_guidance,0.0102893890675241,0.0347266881028938,-0.0141479099678456,1555,0.6680165568110759,0.6925012434158593,1.1088065615432114,-0.024999976158142,0.0,16.81999969482422,1.898999966681004,0.0012861736334405147,-0.0077170418006430866,17,29,1.3825,1.0281,1.3644999999999998,-0.09811109273128386,0.17075446329958624,0.0,0.09939755269368272,,,,,,,,,,0.0012861736334405147,True,0.0012861736334405147
2012-06-20,unchanged,0.25,0.25,0.0,0.0,0.0,Bernanke,forward_guidance,0.0117719950433705,0.0384138785625774,-0.0148698884758364,1614,-2.226167703901345,-2.4351162609930763,-3.114939763881491,-0.0239999294281005,-0.0049999952316284,17.239999771118164,1.561999961733818,0.0,-0.009913258983890954,14,30,-0.1471,-0.04970000000000001,-0.1686,0.23135244463390506,0.39978455902292764,0.7500000000015827,0.46569311954489195,,,,,,,,,,0.0,True,0.0
2012-08-01,unchanged,0.25,0.25,0.0,0.0,0.0,Bernanke,forward_guidance,0.0108211330362826,0.0362826225334182,-0.0146403564608529,1571,-0.7503669467536007,-0.3575065336363135,-1.0163950398515396,-0.0609999895095825,-0.005000002682209,18.959999084472656,1.4490000307559967,0.0006365372374283898,-0.008274984086569064,14,27,-0.4475,-0.9081,-0.303,0.5006355354622913,0.12695301375712983,1.5499999999998295,0.406588483812649,,,,,,,,,,0.0006365372374283898,True,0.0006365372374283898
2012-09-13,unchanged,0.25,0.25,0.0,0.0,0.0,Bernanke,forward_guidance,0.0152420800956365,0.0478182904961147,-0.0173341303048416,1673,0.3958951318527273,0.8910452195063081,0.0395722826210334,0.1139999628067016,0.0,14.050000190734863,1.6610000431537628,0.004184100418410042,-0.009563658099222952,16,32,1.528,1.1218000000000001,1.6310000000000002,0.3857440913287277,0.20457270068300804,0.8823529411763734,0.3936081787634351,,,,,,,,,,0.004184100418410042,True,0.004184100418410042
2012-10-24,unchanged,0.25,0.25,0.0,0.0,0.0,Bernanke,forward_guidance,0.0138721351025331,0.0440289505428226,-0.0162846803377563,1658,0.2995542646406389,0.1482431528325905,0.6762716847985887,0.0529999732971191,0.005000002682209,18.32999992370605,1.6699999794363976,0.004221954161640531,-0.009047044632086852,14,29,-0.26120000000000004,-0.1404,-0.3085,-0.008829543032491758,0.07268609019239827,0.0,0.06674943802887312,,,,,,,,,,0.004221954161640531,True,0.004221954161640531
2012-12-12,unchanged,0.25,0.25,0.0,0.0,0.0,Bernanke,forward_guidance,0.0153374233128834,0.0457334076965978,-0.015058561070831,1793,-0.6321425165448823,-0.7183646634478685,-1.2233484969514776,0.031000018119812,-0.0079999975860118,15.949999809265137,1.6370000280439854,0.0016731734523145565,-0.011712214166201896,20,41,0.025500000000000002,-0.0299,0.0448,0.17298230697303105,-0.08076656094968161,0.4078947368411546,0.04581577525073195,,,,,,,,,,0.0016731734523145565,True,0.0016731734523145565
2013-01-30,unchanged,0.25,0.25,0.0,0.0,0.0,Bernanke,forward_guidance,0.0134209023415191,0.0445459737292975,-0.0177041690462592,1751,-0.2563301077303289,-0.0057338638737207,-1.1488807993116568,-0.0210000276565551,0.0049999989569187,14.31999969482422,1.9460000433027744,0.0002855511136493436,-0.012564249000571102,23,45,-0.3846,-0.48650000000000004,-0.38999999999999996,0.07706750168445901,-0.021536383469555817,0.5000000000010552,0.047019528472393234,,,,,,,,,,0.0002855511136493436,True,0.0002855511136493436
2013-03-20,unchanged,0.25,0.25,0.0,0.0,0.0,Bernanke,forward_guidance,0.0128718535469107,0.0417620137299771,-0.0160183066361556,1748,-0.828243382855539,-0.9707436971656584,0.3919159457620528,-0.0049999952316284,-0.0030000023543834,12.670000076293944,1.874000035226345,0.00028604118993135006,-0.009725400457665904,22,39,0.7248,0.6508,0.6698,0.15722654528949848,0.11874497196185493,0.0,0.18161670076491085,,,,,,,,,,0.00028604118993135006,True,0.00028604118993135006
2013-05-01,unchanged,0.25,0.25,0.0,0.0,0.0,Bernanke,forward_guidance,0.0157746478873239,0.0478873239436619,-0.016338028169014,1775,0.9407983261396148,1.2576114263082507,1.4796308940934784,-0.0080000162124633,0.0,14.489999771118164,1.5890000574290752,0.0011267605633802818,-0.011267605633802818,27,47,-1.0607,-1.3124,-0.9308000000000001,0.09038413588282361,0.07447177131312249,0.0,0.11633616493374113,,,,,,,,,,0.0011267605633802818,True,0.0011267605633802818
2013-06-19,unchanged,0.25,0.25,0.0,0.0,0.0,Bernanke,forward_guidance,0.0149667405764966,0.04490022172949,-0.0149667405764966,1804,-2.501035094286317,-2.281600247090283,-6.384679144629772,0.1079998016357421,0.0,16.639999389648438,2.2710001096129417,0.000554323725055433,-0.009977827050997782,29,47,-1.3406,-0.9639,-1.3852,0.14290121029599684,0.09303139502289395,0.0,0.15843678569465025,,,,,,,,,,0.000554323725055433,True,0.000554323725055433
2013-07-31,unchanged,0.25,0.25,0.0,0.0,0.0,Bernanke,forward_guidance,0.0146651909241837,0.0437188710570005,-0.014388489208633,1807,1.2540569897534306,1.361412968104997,-0.1066766525463574,0.1300001144409179,0.0050000008195638,13.449999809265137,2.5629999358206987,0.0008301051466519088,-0.009407858328721638,29,46,0.0199,0.17500000000000002,-0.0136,0.1225324723379187,-0.11319237947331116,0.0,-0.019350595071180376,,,,,,,,,,0.0008301051466519088,True,0.0008301051466519088
2013-09-18,unchanged,0.25,0.25,0.0,0.0,0.0,Bernanke,forward_guidance,0.0157563025210084,0.0435924369747899,-0.0120798319327731,1904,-0.1842953819684679,0.1517055110248307,4.710198293778559,0.0399999618530273,0.0,13.59000015258789,2.7029999447986484,0.0023634453781512608,-0.007878151260504201,27,42,1.2556,1.1768,1.2178,0.0819551783792399,-0.27184350586473777,0.0,-0.1661228736766817,,,,,,,,,,0.0023634453781512608,True,0.0023634453781512608
2013-10-30,unchanged,0.25,0.25,0.0,0.0,0.0,Bernanke,forward_guidance,0.0151354221986192,0.0435475305363781,-0.0132766861391396,1883,-0.3839381224110483,-0.2775683206396097,-1.8828780143856565,0.0150001049041748,-0.0020000003278255,13.649999618530272,2.491999950259924,0.0021242697822623476,-0.009028146574614976,26,43,-0.5665,-0.7185,-0.48760000000000003,0.07137991096167119,0.08634183174736457,0.0,0.1210277571313841,,,,,,,,,,0.0021242697822623476,True,0.0021242697822623476
2013-12-18,unchanged,0.25,0.25,0.0,0.0,0.0,Bernanke,forward_guidance,0.0141200201714573,0.0408472012102874,-0.0126071608673726,1983,-0.0579929204410886,-0.2928744501068504,-3.324971798211972,0.0399999618530273,-0.0020000003278255,13.800000190734863,2.8249999918043613,0.0010085728693898129,-0.008068582955118508,31,47,1.4462,0.8528000000000001,1.6648,0.10938836080394833,0.06260171087897137,0.0,0.11164457273616149,,,,,,,,,,0.0010085728693898129,True,0.0010085728693898129
2014-01-29,unchanged,0.25,0.25,0.0,0.0,0.0,Bernanke,forward_guidance,0.013340174448435,0.0400205233453052,-0.013340174448435,1949,1.1267044743841543,1.7697443219224114,-1.5845350002930385,0.0180001258850097,-0.0249999994412064,17.350000381469727,2.634999953210354,0.0005130836326321187,-0.008722421754746024,29,46,-0.993,-0.7727,-1.0209,0.09038413588282361,0.07447177131312249,0.0,0.11633616493374113,,,,,,,,,,0.0005130836326321187,True,0.0005130836326321187
2014-03-19,unchanged,0.25,0.25,0.0,0.0,0.0,Yellen,forward_guidance,0.0140562248995983,0.0396586345381526,-0.0115461847389558,1992,0.6040504799838986,0.271379448909625,-0.8125856728550266,0.0030000209808349,0.0020000003278255,15.119999885559082,2.7220000736415386,0.002008032128514056,-0.007530120481927711,32,47,-0.6779000000000001,-0.528,-0.6132000000000001,-0.0048565424028375395,0.6017616360020809,0.0,0.49707293498607763,,,,,,,,,,0.002008032128514056,True,0.002008032128514056
2014-04-30,unchanged,0.25,0.25,0.0,0.0,0.0,Yellen,forward_guidance,0.0145303580695381,0.0409963674104826,-0.0119356512714063,1927,-0.0143261481426093,0.3132810442717298,-0.964803970017586,-0.0420000553131103,-0.0020000003278255,13.40999984741211,2.6280000023543835,0.0025947067981318107,-0.006227296315516347,31,43,0.3405,0.2607,0.29919999999999997,0.07756855132877809,0.18284776943311853,0.0,0.19609060411748144,,,,,,,,,,0.0025947067981318107,True,0.0025947067981318107
2014-06-18,unchanged,0.25,0.25,0.0,0.0,0.0,Yellen,forward_guidance,0.0151515151515151,0.0428422152560083,-0.012539184952978,1914,0.1277478576659318,-0.0804468133302652,3.245828824691435,0.0090000629425048,-0.007999999448657,10.609999656677246,2.5949999168515205,0.0028735632183908046,-0.006792058516196447,30,43,0.6962999999999999,0.5413,0.7719,0.03890304752662206,0.34142407476647507,0.0,0.3079552457601981,,,,,,,,,,0.0028735632183908046,True,0.0028735632183908046
2014-07-30,unchanged,0.25,0.25,0.0,0.0,0.0,Yellen,forward_guidance,0.015267175572519,0.043765903307888,-0.0132315521628498,1965,-1.999924034066198,-2.0867571500671938,-1.0502722472409745,0.002000093460083,-0.0100000016391277,13.329999923706056,2.525999899953604,0.003053435114503817,-0.008142493638676845,27,43,0.054,0.1238,0.0060999999999999995,0.12199793091939773,-0.08503828925287037,-0.49999999999994493,-0.012902254568896765,,,,,,,,,,0.003053435114503817,True,0.003053435114503817
2014-09-17,unchanged,0.25,0.25,0.0,0.0,0.0,Yellen,forward_guidance,0.0156872509960159,0.0448207171314741,-0.0134462151394422,2008,0.4891180086237238,0.6847640009782343,-0.7048017717204111,0.0290000438690185,-0.0030000004917383,12.649999618530272,2.5869999043643475,0.00348605577689243,-0.008964143426294821,28,46,0.0797,0.0746,0.1296,0.053630422237220726,0.5502755083710918,0.0,0.486837726824554,,,,,,,,,,0.00348605577689243,True,0.00348605577689243
2014-10-29,unchanged,0.25,0.25,0.0,0.0,0.0,Yellen,forward_guidance,0.0141843971631205,0.03873431533006,-0.0103655210038188,1833,0.6230124240393591,0.371714692873311,-2.1400042634373557,-0.0179998874664306,-0.0119999996386468,15.149999618530272,2.307999954558909,0.004091653027823241,-0.00436442989634479,31,39,-0.22460000000000002,-0.2074,-0.13849999999999998,0.05556153045449513,0.7728121127325153,0.0,0.6758246724446016,,,,,,,,,,0.004091653027823241,True,0.004091653027823241
2014-12-17,unchanged,0.25,0.25,0.0,0.0,0.0,Yellen,forward_guidance,0.0111352525801195,0.0336773492667028,-0.0114068441064638,1841,2.4015204739716167,2.241233734112863,0.0334842441095429,0.0559999942779541,0.0130000002682209,19.440000534057617,2.1280000023543835,-0.0010863661053775123,-0.009234111895708854,31,48,2.1789,2.2401,2.0351999999999997,0.23726270984234143,-1.6038094910949352,-0.5535714285725968,-1.185489539154673,,,,,,,,,,-0.0010863661053775123,True,-0.0010863661053775123
2015-01-28,unchanged,0.25,0.25,0.0,0.0,0.0,Yellen,forward_guidance,0.0136904761904761,0.0386904761904761,-0.0113095238095238,1680,0.95346852870999,0.9793018005593244,-2.43409660423541,0.027000069618225,-0.0049999998882412,20.440000534057617,1.7089999774470923,0.001190476190476191,-0.007142857142857143,22,34,-1.4064999999999999,-1.2663,-1.3496,0.1225324723379768,-0.11319237947357234,0.0,-0.019350595071365453,,,,,,,,,,0.001190476190476191,True,0.001190476190476191
2015-03-18,unchanged,0.25,0.25,0.0,0.0,0.0,Yellen,forward_guidance,0.011504424778761,0.0365781710914454,-0.0135693215339233,1695,-0.4872579408787806,0.1916542313859821,1.537254715699902,0.0260000228881835,-0.0279999990016222,13.970000267028809,1.912999976426363,0.0014749262536873156,-0.007079646017699115,24,36,1.208,1.0274999999999999,1.2158,0.05577236036097766,-1.6268865218603634,-0.5961538461551041,-1.2793070163256939,,,,,,,,,,0.0014749262536873156,True,0.0014749262536873156
2015-04-29,unchanged,0.25,0.25,0.0,0.0,0.0,Yellen,forward_guidance,0.0104665071770334,0.0358851674641148,-0.0149521531100478,1672,-1.0128906614839197,-1.6366660948260738,-2.264839089782116,0.0109999179840087,0.0019999998621642,13.390000343322754,2.0320000858046114,-0.0014952153110047851,-0.01076555023923445,20,38,-0.39230000000000004,-0.496,-0.374,0.08984959446427225,0.1026258615337335,-0.49999999999994493,0.12278450543614652,,,,,,,,,,-0.0014952153110047851,True,-0.0014952153110047851
2015-06-17,unchanged,0.25,0.25,0.0,0.0,0.0,Yellen,forward_guidance,0.0114665057332528,0.0380205190102595,-0.0150875075437537,1657,0.9902710578908204,1.3439669661465088,2.133625898081668,0.0450000762939453,0.0,14.5,2.302999994251877,0.0012070006035003016,-0.007845503922751962,22,35,0.17229999999999998,0.0426,0.198,-0.042805264235726406,-0.8969241118088501,-0.5769230769268564,-0.7433176078939004,,,,,,,,,,0.0012070006035003016,True,0.0012070006035003016
2015-07-29,unchanged,0.25,0.25,0.0,0.0,0.0,Yellen,forward_guidance,0.0112053301029678,0.0375529981829194,-0.0151423379769836,1651,0.0028367306366792,0.3335427487884741,-0.3935139516754813,-0.0110001564025878,0.0149999968707561,12.5,2.234000042080879,0.001514233797698365,-0.007874015748031496,23,36,0.7577,0.6651,0.7319,-0.015524546861163958,-0.07430785165355418,-0.4999999999988347,-0.07277037328472508,,,,,,,,,,0.001514233797698365,True,0.001514233797698365
2015-09-17,unchanged,0.25,0.25,0.0,0.0,0.0,Yellen,forward_guidance,0.0102941176470588,0.0352941176470588,-0.0147058823529411,1700,-1.6164165744279924,-1.3633202664721769,1.8616240802663893,-0.0869998931884765,0.0069999997504055,21.13999938964844,2.214000007603317,0.0017647058823529408,-0.0058823529411764705,26,36,-0.0704,0.39430000000000004,-0.2561,-1.4843952472459105,-0.3787068770177032,-6.346153846154428,-1.1989117753695009,,,,,,,,,,0.0017647058823529408,True,0.0017647058823529408
2015-10-28,unchanged,0.25,0.25,0.0,0.0,0.0,Yellen,forward_guidance,0.0097575399172087,0.0354819633353045,-0.015966883500887,1691,-0.0449774201904818,-0.4203537130653749,-2.5401431513222867,0.0810000896453857,0.0179999992251396,14.329999923706056,2.057000007480383,0.001774098166765228,-0.0059136605558840925,26,36,1.3657000000000001,1.6546999999999998,1.184,0.06169226117440873,1.089946588087466,-0.5000000000010552,0.8985845815214294,,,,,,,,,,0.001774098166765228,True,0.001774098166765228
2015-12-16,rate_hike,0.25,0.5,0.25,0.0,0.25,Yellen,forward_guidance,0.0131810193321616,0.0392501464557703,-0.0128881077914469,1707,-1.504052090994365,-1.3523628798670169,-2.523186565108998,-0.0490000247955322,-0.0219999998807907,17.860000610351562,2.051999941468239,0.0035149384885764497,-0.0023432923257176333,25,29,1.4887,1.3381,1.4515,0.4905468303032785,0.4134075238997948,2.0666666666687337,0.6450003528791468,,,,,,,,,,0.0035149384885764497,True,0.0035149384885764497
2016-01-27,unchanged,0.5,0.5,0.0,0.0,0.0,Yellen,normalization,0.012782401902497,0.0374554102259215,-0.0118906064209274,1682,0.5528577205787493,0.8618797982080716,-0.0447988541293092,-0.0159999132156372,0.0179999768733978,23.11000061035156,1.700999915599823,0.0023781212841854932,-0.004161712247324614,24,31,-1.0546,-0.7908000000000001,-1.0864,-0.07981860663765922,-0.6399438104261714,-0.5000000000010552,-0.5519580125404718,,,,,,,,,,0.0023781212841854932,False,0.0
2016-03-16,unchanged,0.5,0.5,0.0,0.0,0.0,Yellen,normalization,0.0129946839929119,0.0383933845245127,-0.0124040165386887,1693,0.659523648662075,0.2313200762026896,2.863414119720457,-0.0349999666213989,-0.0250000059604644,14.989999771118164,1.637999951839447,0.0032486709982279976,-0.0029533372711163615,24,29,0.7493,0.8931,0.5599999999999999,-0.594420449651158,-1.4940631446675787,-1.5500000000009766,-1.5203653088783786,,,,,,,,,,0.0032486709982279976,False,0.0
2016-04-27,unchanged,0.5,0.5,0.0,0.0,0.0,Yellen,normalization,0.0126545026486168,0.03708063566804,-0.0117716303708063,1699,-0.9230768513682666,-1.1895626288754764,1.304839054214973,-0.0219999551773071,-0.0350000113248825,13.770000457763672,1.6150000095367432,0.003237198351971748,-0.0017657445556209534,23,26,0.2651,0.482,0.16490000000000002,-0.10512386190002745,0.4503543539275026,-0.5000000000010552,0.30687129646909167,,,,,,,,,,0.003237198351971748,False,0.0
2016-06-15,unchanged,0.5,0.5,0.0,0.0,0.0,Yellen,normalization,0.012012012012012,0.0366366366366366,-0.0126126126126126,1665,0.3132990699674149,0.2066161398522329,0.8010519806092579,-0.0319999456405639,-0.0099999904632568,20.13999938964844,1.340999960899353,0.0009009009009009008,-0.005405405405405406,20,29,-0.0492,0.3866,-0.18409999999999999,-0.1777832277069232,-0.737434673246432,0.0,-0.6591531305622609,,,,,,,,,,0.0009009009009009008,False,0.0
2016-07-27,unchanged,0.5,0.5,0.0,0.0,0.0,Yellen,normalization,0.0127294256956779,0.0367081113084665,-0.0112492599171107,1689,0.1606209022175465,0.2951455735146462,0.4296753616077726,-0.0039999485015869,-0.0629999935626983,12.829999923706056,1.2319999933242798,0.003256364712847839,-0.002368265245707519,25,29,-0.1242,0.1903,-0.11989999999999999,-0.00683916226062403,0.26787169625568424,-0.9999999999998899,0.19156816948010844,,,,,,,,,,0.003256364712847839,False,0.0
2016-09-21,unchanged,0.5,0.5,0.0,0.0,0.0,Yellen,normalization,0.0121527777777777,0.0376157407407407,-0.0133101851851851,1728,0.6499784427785565,0.8373623234351625,1.0174089796977268,-0.0360000133514404,-0.0630000084638595,13.300000190734863,1.4449999779462814,0.0034722222222222225,-0.0028935185185185184,24,29,1.1864,1.1189,1.0917,-0.9057417750172263,0.021703630946225707,-4.166666666668059,-0.5404653506422668,,,,,,,,,,0.0034722222222222225,False,0.0
2016-11-02,unchanged,0.5,0.5,0.0,0.0,0.0,Yellen,normalization,0.0127832655432887,0.0389308541545613,-0.0133643230679837,1721,-0.442340083894613,-0.923690588757472,-0.359662769097866,0.0130000114440917,0.0130000114440917,19.31999969482422,1.4540000259876251,0.003776873910517141,-0.002905287623474724,24,29,-0.768,-1.0496,-0.6525000000000001,0.168657838425545,0.14545771138347877,-0.5357142857142267,0.19330890570028383,,,,,,,,,,0.003776873910517141,False,0.0
2016-12-14,rate_hike,0.5,0.75,0.25,0.0,0.25,Yellen,normalization,0.0120554550934297,0.0367691380349608,-0.0126582278481012,1659,0.3883227954907315,0.3711863341206901,-2.8846980617804205,0.054999828338623,-0.0349999964237213,13.1899995803833,2.002000093460083,0.0015069318866787222,-0.0030138637733574444,24,29,-0.9619000000000001,-1.084,-0.8116999999999999,-0.16018254071250113,1.25784344785178,-0.45588235294011403,0.9462586480171469,,,,,,,,,,0.0015069318866787222,False,0.0
2017-02-01,unchanged,0.75,0.75,0.0,0.0,0.0,Yellen,normalization,0.0132470733210104,0.0388170055452865,-0.0123228589032655,1623,0.0570309403293571,-0.1143028035209313,0.9207013777967908,-0.0039999485015869,-0.0119999945163726,11.8100004196167,1.9739999771118164,0.002464571780653111,-0.0030807147258163892,23,28,0.028200000000000003,0.1042,0.029799999999999997,-0.11642141468532052,-0.3137314253696552,-0.51851851851731,-0.30979207912831647,,,,,,,,,,0.002464571780653111,False,0.0
2017-03-15,rate_hike,0.75,1.0,0.25,0.0,0.25,Yellen,normalization,0.0133738601823708,0.0389057750759878,-0.0121580547112462,1645,-0.1626710269421009,0.0120331346514388,2.1998187610305497,0.0140001773834228,-0.0069999694824218,11.630000114440918,1.7929999232292175,0.00364741641337386,-0.00182370820668693,26,29,1.0125,1.1914,0.8375,0.21010096311952403,-0.9910124476103674,0.0,-0.6865035357132987,,,,,,,,,,0.00364741641337386,False,0.0
2017-05-03,unchanged,1.0,1.0,0.0,0.0,0.0,Yellen,normalization,0.0118829981718464,0.0371724558196221,-0.0134064594759293,1641,0.0582102643895078,0.0459450997066557,-1.596600130316716,0.0469999313354492,0.0070000290870666,10.68000030517578,1.4610000252723694,0.001523461304082876,-0.004875076173065204,26,34,-0.25730000000000003,-0.4587,-0.1271,0.29916953606996416,0.25726832793515264,-0.27678571428506926,0.3509332723839659,,,,,,,,,,0.001523461304082876,False,0.0
2017-06-14,rate_hike,1.0,1.25,0.25,0.0,0.25,Yellen,normalization,0.0122461170848267,0.03584229390681,-0.0113500597371565,1674,-0.2239598146152706,-0.4744254711564115,-1.6184865545233629,0.0239999294281005,0.0099999904632568,10.640000343322754,1.1550000309944153,0.0020908004778972525,-0.0023894862604540022,27,31,-0.2289,-0.4337,-0.0996,0.5418746518836697,0.16718965811542802,1.8750000000018752,0.4709172559935969,,,,,,,,,,0.0020908004778972525,False,0.0
2017-07-26,unchanged,1.25,1.25,0.0,0.0,0.0,Yellen,normalization,0.011963190184049,0.0349693251533742,-0.011042944785276,1630,-0.0972688269174531,-0.6315061086567281,0.8486769884657726,0.0279998779296875,-0.0170000791549682,9.600000381469728,1.187000036239624,0.002147239263803681,-0.0018404907975460123,25,28,-0.0085,-0.0339,0.0283,-0.05966433906999884,-0.15437353106003893,0.0,-0.13986576485766616,,,,,,,,,,0.002147239263803681,False,0.0
2017-09-20,unchanged,1.25,1.25,0.0,0.0,0.0,Yellen,normalization,0.0108630054315027,0.0319855159927579,-0.0102595051297525,1657,-0.3045917698414143,-0.5165720388111605,-1.6310994218035442,0.001000165939331,-0.0119999647140502,9.779999732971191,1.256999969482422,0.0024140012070006035,-0.0006035003017501509,27,28,0.0919,0.2178,0.0634,-0.08262585382706758,1.2203021201602806,0.0,0.9506823514274114,,,,,,,,,,0.0024140012070006035,False,0.0
2017-12-13,rate_hike,1.25,1.5,0.25,0.0,0.25,Yellen,normalization,0.0108898568761667,0.0329807093963907,-0.0112009956440572,1607,-0.407085922717395,-0.2802585892351444,0.6744840412231848,-0.0030000209808349,0.0099999904632568,10.18000030517578,1.0759999752044678,0.004044803982576229,0.0,28,28,0.0541,0.3889,-0.0473,0.1961918692371978,-0.16265817662427196,0.4305555555545521,-0.009603542820577352,,,,,,,,,,0.004044803982576229,False,0.0
2018-03-21,rate_hike,1.5,1.75,0.25,0.0,0.25,Powell,normalization,0.0121096239643084,0.0356915232632249,-0.011472275334608,1569,-2.5162888405856463,-2.431624378770569,0.4467346583020108,-0.0750000476837158,-0.027000069618225,17.860000610351562,1.1970000267028809,0.005098789037603569,0.0025493945188017845,28,24,0.0421,0.5376,-0.18439999999999998,0.002221262368985408,0.042866730808343044,0.0,0.055263090017008236,,,,,,,,,,0.005098789037603569,False,0.0
2018-05-02,unchanged,1.75,1.75,0.0,0.0,0.0,Powell,normalization,0.0126459143968871,0.036964980544747,-0.0116731517509727,1542,-0.2253674239308525,-0.179554706802608,0.6218313939622144,-0.0179998874664306,0.0030000209808349,15.970000267028809,1.1790000200271606,0.004215304798962386,0.0,25,25,-0.5574,0.28900000000000003,-0.7206,0.09686430528343534,-0.12073198949211346,-0.2672413793109088,-0.04366933733492594,,,,,,,,,,0.004215304798962386,False,0.0
2018-06-13,rate_hike,1.75,2.0,0.25,0.0,0.25,Powell,normalization,0.0131487889273356,0.0380622837370242,-0.0117647058823529,1445,0.247154977843219,0.8490435190003751,0.5474574332855965,-0.0309998989105224,-0.0119999647140502,12.9399995803833,1.0820000171661377,0.0058823529411764705,0.0,21,21,-0.3612,-0.2707,-0.4026,-0.15928340307941374,0.751594264195036,-0.4411764705911255,0.5282824714372025,,,,,,,,,,0.0058823529411764705,False,0.0
2018-08-01,unchanged,2.0,2.0,0.0,0.0,0.0,Powell,normalization,0.0136173184357541,0.0377094972067039,-0.0104748603351955,1432,0.4926444803381743,1.2377878847200392,-0.599396393939403,-0.0169999599456787,-0.0130000114440917,13.149999618530272,1.024999976158142,0.004888268156424581,-0.0006983240223463687,20,21,-0.1296,-0.17930000000000001,-0.104,0.07149113987145435,-0.045182654403716646,-0.2583333333327313,0.002219783839729891,,,,,,,,,,0.004888268156424581,False,0.0
2018-09-26,rate_hike,2.0,2.25,0.25,0.0,0.25,Powell,normalization,0.0112994350282485,0.0338983050847457,-0.0112994350282485,1416,0.2763287087557916,0.6457785671937375,-0.979895408029732,-0.0050001144409179,-0.0199999809265136,12.890000343322754,0.9010000228881836,0.0049435028248587575,0.0007062146892655367,19,18,-0.4024,-0.4507,-0.32889999999999997,0.41677493155823375,-0.2345470001099763,0.9999999999998899,0.057880150496743166,,,,,,,,,,0.0049435028248587575,False,0.0
2018-11-08,unchanged,2.25,2.25,0.0,0.0,0.0,Powell,normalization,0.0136554621848739,0.0385154061624649,-0.011204481792717,1428,-0.9199013706103346,-1.6462881150409232,-1.3492517516226048,-0.0450000762939453,-0.0030000209808349,16.719999313354492,0.930999994277954,0.0056022408963585435,-0.0007002801120448179,19,20,-0.29359999999999997,-0.3128,-0.2509,0.0413770425819724,0.1938326688450339,0.6818181818181067,0.21070415508796195,,,,,,,,,,0.0056022408963585435,False,0.0
2018-12-19,rate_hike,2.25,2.5,0.25,0.0,0.25,Powell,normalization,0.0130494505494505,0.037087912087912,-0.0109890109890109,1456,-1.5772106327423614,-1.6336100306734114,0.918457010161542,0.0109999179840087,-0.0030000209808349,25.57999992370605,0.440000057220459,0.006524725274725275,0.0013736263736263737,20,18,-1.4833,-1.3426,-1.5396,0.8251030639203198,0.08731950956490125,2.583333333333049,0.5570791939800203,,,,,,,,,,0.006524725274725275,False,0.0
2019-01-30,unchanged,2.5,2.5,0.0,0.0,0.0,Powell,normalization,0.0130674002751031,0.0378266850068775,-0.0116918844566712,1454,0.8597395948725415,1.3735076760518763,0.7481431082647816,-0.059999942779541,-0.0250000953674316,17.65999984741211,0.3299999237060547,0.004470426409903714,-0.001375515818431912,19,21,1.4357,0.9789000000000001,1.5549,0.01590398980943161,-0.6329078443689973,0.0,-0.4849268848431771,,,,,,,,,,0.004470426409903714,False,0.0
2019-03-20,unchanged,2.5,2.5,0.0,0.0,0.0,Powell,normalization,0.0115646258503401,0.0340136054421768,-0.0108843537414965,1470,1.0852481049954332,1.4230840983513036,0.4306017367118416,0.0019998550415039,0.0,13.90999984741211,0.127000093460083,0.0030612244897959186,-0.0020408163265306124,20,23,-0.3146,-0.2614,-0.2944,0.2817412965540306,-0.9483924535033404,0.0,-0.6202201565100884,,,,,,,,,,0.0030612244897959186,False,0.0
2019-05-01,unchanged,2.5,2.5,0.0,0.0,0.0,Powell,normalization,0.0110726643598615,0.0332179930795847,-0.0110726643598615,1445,-0.2123985791774239,-0.159884379536328,-0.9130695348267625,0.0410001277923584,0.0099999904632568,14.800000190734863,0.1480000019073486,0.0034602076124567475,-0.0006920415224913495,21,22,-0.7552,-0.6304,-0.7502,-0.33376405491580646,-0.6124881987391846,-2.5833333333341963,-0.7201093621079054,,,,,,,,,,0.0034602076124567475,False,0.0
2019-06-19,unchanged,2.5,2.5,0.0,0.0,0.0,Powell,normalization,0.0114787305874409,0.0344361917623227,-0.0114787305874409,1481,0.9472185190685072,0.8015206720173106,3.592150059877641,-0.0280001163482666,-0.0469999313354492,14.329999923706056,-0.0959999561309814,0.004051316677920324,-0.002025658338960162,22,25,0.37420000000000003,0.366,0.2985,1.0328766446968298,-2.6147216135796243,6.136363636364474,-1.3773094027475603,,,,,,,,,,0.004051316677920324,False,0.0
2019-07-31,rate_cut,2.5,2.25,-0.25,0.0,-0.25,Powell,normalization,0.0117878192534381,0.0347085789129011,-0.0111329404060248,1527,-0.8998793869673047,-0.786501553460915,-0.364627393653696,-0.1269998550415039,0.0,16.1200008392334,-0.0090000629425048,0.0045841519318926,-0.0013097576948264572,21,23,-0.9979,-0.6988,-1.0886,1.223716592504504,0.33188143576117596,3.7500000000012523,0.9772813497194184,,,,,,,,,,0.0045841519318926,False,0.0
2019-09-18,rate_cut,2.25,2.0,-0.25,0.0,-0.25,Powell,normalization,0.0132450331125827,0.0364238410596026,-0.009933774834437,1510,0.0019974721421654,0.0671332295752836,-0.6036468050373134,-0.0119999647140502,0.0030000209808349,13.949999809265137,-0.0939999818801879,0.004635761589403974,-0.0013245033112582781,22,24,-0.0724,-0.4144,0.0343,0.7581039788547811,0.36766624659313674,3.749999999999587,0.7923953509780869,,,,,,,,,,0.004635761589403974,False,0.0
2019-10-30,rate_cut,2.0,1.75,-0.25,0.0,-0.25,Powell,normalization,0.0122199592668024,0.0353021045485403,-0.0108621860149355,1473,-0.3022860563304665,-0.139934302967468,1.2188637715869155,-0.1069999933242797,-0.0970000028610229,12.329999923706056,0.2029999494552612,0.004412763068567549,0.0,20,20,0.27799999999999997,-0.12,0.3253,0.034194496544390586,0.4076494177871365,-1.249999999998197,0.31470747226868595,,,,,,,,,,0.004412763068567549,False,0.0
2019-12-11,unchanged,1.75,1.75,0.0,0.0,0.0,Powell,normalization,0.0125260960334029,0.0368823938761308,-0.0118302018093249,1437,0.8575225775086268,0.7311086628855461,-0.183753450205922,0.1069999933242797,0.0099999904632568,14.989999771118164,0.2699999809265136,0.0038274182324286705,-0.0006958942240779402,20,21,0.27399999999999997,0.2606,0.2908,0.16820385242405939,-0.056302508984488936,0.0,0.05016863595095827,,,,,,,,,,0.0038274182324286705,False,0.0
2020-04-29,unchanged,0.25,0.25,0.0,0.0,0.0,Powell,normalization,0.0139664804469273,0.0412011173184357,-0.013268156424581,1432,-0.9212446303987638,-0.2822319106313816,-1.1271617334156117,-0.0049999952316284,0.0,31.229999542236328,0.5369999706745148,0.0010474860335195533,-0.007681564245810056,14,25,2.8865,4.046,2.6584,-0.7480817065418282,0.4465455178281202,-3.250000000000197,-0.09004557384741388,0.028720790014684288,0.023476,0.048865525190582265,15.337951738896798,496.0,185.0,681.0,72.83406754772393,0.028865,0.0010474860335195533,False,0.0
2020-06-10,unchanged,0.25,0.25,0.0,0.0,0.0,Powell,normalization,0.0146341463414634,0.0425087108013937,-0.0132404181184669,1435,-5.894405927443823,-5.265476367524758,1.0914580423122922,-0.0950000286102294,-0.0120000094175338,27.56999969482422,0.5830000191926956,0.0017421602787456446,-0.007665505226480836,15,26,-0.6659,-1.6255,-0.5313,0.10319972043684139,-0.03390422680678261,0.0,0.03658172575006419,-0.028846745961820852,-0.030484000000000004,0.03720326996382907,-20.234350670324687,152.0,529.0,681.0,22.3201174743025,-0.006659,0.0017421602787456446,False,0.0
2020-07-29,unchanged,0.25,0.25,0.0,0.0,0.0,Powell,normalization,0.0147563486616334,0.0425531914893617,-0.0130404941660947,1457,-0.3750251937389157,0.4255846926598821,-0.5733274211351421,-0.0379999876022338,-0.005000002682209,24.100000381469727,0.488999992609024,0.0020590253946465337,-0.0075497597803706245,14,25,1.3428,1.3155999999999999,1.2428,0.08241066905131221,-0.11205597203449516,0.4999999999988347,-0.01057965869686161,0.005848160116448326,0.005320999999999998,0.03660408840378742,4.187627350243377,406.0,281.0,687.0,59.09752547307132,0.013428,0.0020590253946465337,False,0.0
2020-09-16,unchanged,0.25,0.25,0.0,0.0,0.0,Powell,normalization,0.0338709677419354,0.0709677419354838,-0.0032258064516129,310,-0.8412365876402532,-1.2686289053217388,-1.0305046258060957,-0.0029999613761901,-0.0150000005960464,26.040000915527344,0.5869999751448631,0.00967741935483871,-0.01935483870967742,7,13,-0.3147,0.6364,-0.4619,0.02515070946856666,0.09026153874131893,-0.5357142857154162,0.07860626643198133,0.011384210449927431,0.009344,0.025675469848129677,11.638422710053923,524.0,165.0,689.0,76.0522496371553,-0.003147,0.00967741935483871,False,0.0
2020-11-05,unchanged,0.25,0.25,0.0,0.0,0.0,Powell,normalization,0.0326086956521739,0.0608695652173913,0.0043478260869565,230,-0.0287715187418591,0.0361685870072974,0.257029757595085,0.043999969959259,-0.0020000040531158,27.57999992370605,0.6910000219941139,0.004347826086956522,-0.008695652173913044,6,8,2.1073999999999997,2.2564,1.9460000000000002,-0.028266524263263686,0.03058421281546904,0.2999999999993008,0.034016593539416315,0.0026605171428571443,0.0018165000000000021,0.031427046386042906,2.2398117317032487,368.0,332.0,700.0,52.57142857142857,0.021074,0.004347826086956522,False,0.0
2020-12-16,unchanged,0.25,0.25,0.0,0.0,0.0,Powell,normalization,0.0304878048780487,0.0609756097560975,0.0,246,0.5757654753379817,0.8418230939438529,1.6755549806049534,0.0099999904632568,0.0049999952316284,22.5,0.8450000137090683,0.008130081300813007,-0.008130081300813009,6,8,0.1387,0.0409,0.1773,-0.004852834723220797,0.17216097467316963,-0.5166666666654626,0.13205831249419134,-0.0034679432132963986,-0.003447,0.02064821995863121,-4.512923359814097,278.0,444.0,722.0,38.504155124653735,0.001387,0.008130081300813007,False,0.0
2021-01-27,unchanged,0.25,0.25,0.0,0.0,0.0,Powell,normalization,0.0302419354838709,0.0604838709677419,0.0,248,0.9760625975629744,0.5015639747579934,-0.3794243540228251,0.0429999828338623,-0.0049999989569187,37.209999084472656,0.9540000595152378,0.008064516129032258,-0.008064516129032258,6,8,-2.4763,-2.0591000000000004,-2.5678,0.2402917469387056,-0.045170176278456056,0.0,0.09408563717039804,-0.002379351826792963,-0.006075999999999998,0.037200409388874985,-1.7387340710899803,299.0,440.0,739.0,40.46008119079838,-0.024763,0.008064516129032258,False,0.0
2021-03-17,unchanged,0.25,0.25,0.0,0.0,0.0,Powell,normalization,0.0302419354838709,0.0604838709677419,0.0,248,-1.4760539319459225,-3.024208644092823,0.3127115005246026,0.0889999866485595,-0.0050000003539025,19.229999542236328,1.6330000320449471,0.008064516129032258,-0.008064516129032258,6,8,0.357,0.7362,0.2879,-0.19688566937804744,0.05880194898440979,-1.1071428571451936,-0.07158826411793609,-0.0002477760210803687,-0.0020599999999999998,0.022083755567392095,-0.3091058546549018,341.0,418.0,759.0,44.927536231884055,0.00357,0.008064516129032258,False,0.0
2021-04-28,unchanged,0.25,0.25,0.0,0.0,0.0,Powell,normalization,0.0302419354838709,0.0604838709677419,0.0,248,0.6762806734045721,0.2243218513989361,-0.287614241279841,0.0199999809265136,0.0,17.280000686645508,1.612000004388392,0.008064516129032258,-0.008064516129032258,6,8,0.0142,0.42160000000000003,-0.0846,-0.05207669721907608,0.10687216710966793,-1.000000000001,0.039706516378981246,0.0013187649999999997,0.00023949999999999997,0.02366711896994852,1.576039188336417,407.0,393.0,800.0,50.875,0.000142,0.008064516129032258,False,0.0
2021-06-16,unchanged,0.25,0.25,0.0,0.0,0.0,Powell,normalization,0.0302419354838709,0.0604838709677419,0.0,248,-0.0435715592051826,0.8666146563395377,-4.608763171383436,-0.0579999685287475,0.0,18.149999618530277,1.5410000048577783,0.008064516129032258,-0.008064516129032258,6,8,-0.4693,-0.2602,-0.539,0.4267473529551024,0.3331741329811375,2.142857142859286,0.5591705199835392,0.005893370463078848,0.005469,0.019504114547349207,8.541042696538973,556.0,243.0,799.0,69.58698372966208,-0.004693,0.008064516129032258,False,0.0
2021-07-28,unchanged,0.25,0.25,0.0,0.0,0.0,Powell,normalization,0.0333333333333333,0.0666666666666666,0.0,270,0.4206152980007458,0.1062123789813269,1.7615977311405948,0.0080000162124633,-0.005000002682209,18.309999465942383,1.216000035405159,0.012962962962962963,-0.007407407407407408,6,8,0.2969,1.2658,-0.0186,-0.022170034196597858,0.15791104843857345,0.49999999999994493,0.14622364015526262,0.0036400471464019856,0.0009760000000000003,0.020080185226256153,5.146438828785154,426.0,380.0,806.0,52.853598014888334,0.002969,0.012962962962962963,False,0.0
2021-09-22,unchanged,0.25,0.25,0.0,0.0,0.0,Powell,normalization,0.0303571428571428,0.0642857142857142,-0.0035714285714285,280,1.2134715784494825,1.0431106514105395,-1.6322395900822868,0.0740000009536743,0.0,20.8700008392334,1.3109999652951956,0.008928571428571428,-0.010714285714285714,6,9,0.9964999999999999,1.0352999999999999,0.9520000000000001,0.14327819730081898,0.12887294378237502,0.0,0.18736505264498904,-0.00016695149253731362,-0.0007274999999999998,0.019716081856816597,-0.24010307260504243,387.0,417.0,804.0,48.134328358208954,0.009965,0.008928571428571428,False,0.0
2021-11-03,unchanged,0.25,0.25,0.0,0.0,0.0,Powell,normalization,0.0313390313390313,0.0626780626780626,0.0,351,0.4181942361150472,0.814146919861568,1.6670460887421283,-0.0549999475479126,-0.0100000016391277,15.100000381469728,1.5339999943971634,0.008547008547008546,-0.002849002849002849,8,9,0.7317,0.9461,0.6461,-0.048073943265641954,0.21523919692918914,0.277777777778364,0.17257436257964906,0.005742459627329194,0.004456000000000001,0.023034468088806635,7.073228737592467,467.0,338.0,805.0,58.01242236024845,0.007317,0.008547008547008546,False,0.0
2021-12-15,unchanged,0.25,0.25,0.0,0.0,0.0,Powell,normalization,0.0193189259986902,0.0510805500982318,-0.0124426981008513,1527,-0.8743415379980434,-2.474372228287649,1.928968595877658,-0.0410000085830688,-0.0100000016391277,19.290000915527344,1.4180000573396685,0.006548788474132286,-0.005239030779305829,21,29,1.5056999999999998,0.9288,1.6348000000000003,-0.04450762714475513,0.9625922180326609,0.0,0.7626597624998797,-0.008349884900990099,-0.0111545,0.023173634065669035,-10.242171052591068,210.0,598.0,808.0,25.99009900990099,0.015057,0.006548788474132286,False,0.0
2022-01-26,unchanged,0.25,0.25,0.0,0.0,0.0,Powell,normalization,0.0338164251207729,0.0628019323671497,0.0048309178743961,207,-0.5384088757710618,-1.3981551050466028,-2.000107934730308,-0.0410000085830688,0.0069999992847442,31.959999084472656,1.670000046491623,0.007246376811594203,0.0,6,6,-0.3579,-0.8831,-0.1497,-0.04734435633677507,0.04593820690111179,-0.5000000000010552,0.011675658096734095,-0.004001033251231527,-0.0009995,0.02235645167644369,-5.099731369190264,386.0,426.0,812.0,47.53694581280788,-0.003579,0.007246376811594203,False,0.0
2022-03-16,rate_hike,0.25,0.5,0.25,0.0,0.25,Powell,normalization,0.0128771155261221,0.036055923473142,-0.0103016924208977,1359,1.2347817571452089,1.3264600759922922,1.7872104604789043,0.0039999485015869,-0.0729999840259552,26.670000076293945,1.754999965429306,0.00515084621044886,0.002207505518763797,22,19,2.5417,3.1026000000000002,2.2384,-0.6715920987663702,3.389442696749643,-2.0666666666664395,2.3333573577156823,-0.0023344410319410306,-0.009409999999999998,0.03652021409114158,-1.8237352638906654,294.0,520.0,814.0,36.11793611793612,0.025417,0.00515084621044886,False,0.0
2022-05-04,rate_hike,0.5,1.0,0.5,0.0,0.5,Powell,normalization,0.0133285302593659,0.0331412103746397,-0.0064841498559077,1388,-3.5649708609806936,-4.991723044645092,0.3749330476700589,0.1489999294281005,-0.0300000309944152,25.420000076293945,2.084000051021576,0.005043227665706052,0.004322766570605188,28,22,2.7983000000000002,1.7718999999999998,2.9862,-0.5410110853987461,-0.2720457515255421,-1.7222222222220325,-0.5187621343815904,-0.008451997536945813,-0.008082,0.03076136191335621,-7.829460134561864,274.0,538.0,812.0,33.743842364532014,0.027983,0.005043227665706052,False,0.0
2022-06-15,rate_hike,1.0,1.75,0.75,0.0,0.75,Powell,normalization,0.0112481857764876,0.0304789550072568,-0.0079825834542815,1378,-3.251195148816343,-4.081851000349302,1.6746489024431412,-0.0880000591278076,-0.2120000123977661,29.6200008392334,1.6999999284744265,0.0047169811320754715,0.0043541364296081275,24,18,1.4988,1.4309,1.4593,1.0308146075855327,1.295952354023171,3.5000000000007248,1.6545473988673791,-0.0034130756823821337,-0.0085855,0.03083830066034553,-3.1421216934765135,246.0,560.0,806.0,30.52109181141439,0.014988,0.0047169811320754715,False,0.0
2022-07-27,rate_hike,1.75,2.5,0.75,0.0,0.75,Powell,normalization,0.0113550340651021,0.0310370931112793,-0.0083270249810749,1321,1.213333869718089,1.0818266210801903,1.814907433266252,-0.0529999732971191,-0.0749998092651367,23.239999771118164,0.3510000705718994,0.003785011355034065,0.003028009084027252,23,19,2.5315,1.8079999999999998,2.6155999999999997,-0.3930679039132265,0.4342451309906647,-1.4999999999998348,0.1260639933549696,-0.007618985018726593,-0.011377,0.030877169592026653,-6.983544333414163,209.0,592.0,801.0,26.092384519350816,0.025315,0.003785011355034065,False,0.0
